"Time (s)"	"Latitude (°)"	"Longitude (°)"	"Height (m)"	"Velocity (m/s)"	"Direction (°)"	"Horizontal Accuracy (m)"	"Vertical Accuracy (m)"
4.771948890E-1	4.483704783E1	-5.653470800E-1	9.662152666E0	0.000000000E0	0.000000000E0	4.288000107E0	8.000000000E0
1.063194420E0	4.483704783E1	-5.653470800E-1	9.661847490E0	0.000000000E0	0.000000000E0	4.288000107E0	8.000000000E0
2.063194316E0	4.483711226E1	-5.654355300E-1	7.543550450E0	1.950000048E0	2.838999939E2	3.216000080E0	4.000000000E0
3.063195254E0	4.483712153E1	-5.654755200E-1	6.773011888E0	2.799999952E0	2.893999939E2	3.216000080E0	3.000000000E0
4.063194785E0	4.483714055E1	-5.655201300E-1	7.345730716E0	4.670000076E0	3.093999939E2	3.216000080E0	3.000000000E0
5.063194629E0	4.483717012E1	-5.655717300E-1	8.116502456E0	5.550000191E0	3.120000000E2	3.216000080E0	3.000000000E0
6.063194889E0	4.483721512E1	-5.656190700E-1	9.391853642E0	6.130000114E0	3.170000000E2	3.216000080E0	3.000000000E0
7.063195150E0	4.483727169E1	-5.656779500E-1	1.026900181E1	7.849999905E0	3.222999878E2	3.216000080E0	3.000000000E0
8.063194785E0	4.483732447E1	-5.657432200E-1	1.003347463E1	8.060000420E0	3.188999939E2	3.216000080E0	3.000000000E0
9.063194629E0	4.483738219E1	-5.658168600E-1	9.732572105E0	9.199999809E0	3.192000122E2	3.216000080E0	3.000000000E0
1.006319421E1	4.483744619E1	-5.658888600E-1	8.670989097E0	9.920000076E0	3.200000000E2	3.216000080E0	3.000000000E0
1.106319536E1	4.483750675E1	-5.659598900E-1	8.359651267E0	9.000000000E0	3.193999939E2	3.216000080E0	3.000000000E0
1.206319463E1	4.483757168E1	-5.660375400E-1	8.307585443E0	9.489999771E0	3.205000000E2	3.216000080E0	3.000000000E0
1.306319458E1	4.483763839E1	-5.661215500E-1	8.192343321E0	9.789999962E0	3.183999939E2	3.216000080E0	3.000000000E0
1.406319473E1	4.483770654E1	-5.662027700E-1	8.043777968E0	1.010999966E1	3.186000061E2	3.216000080E0	3.000000000E0
1.506319504E1	4.483778739E1	-5.662720100E-1	7.395281486E0	1.022000027E1	3.256000061E2	3.216000080E0	3.000000000E0
1.606319463E1	4.483786420E1	-5.663630200E-1	7.353336469E0	1.114000034E1	3.172000122E2	3.216000080E0	3.000000000E0
1.706319400E1	4.483794235E1	-5.664605100E-1	7.111374287E0	1.222000027E1	3.195000000E2	3.216000080E0	3.000000000E0
1.806319411E1	4.483801903E1	-5.665560500E-1	6.656889286E0	1.093000031E1	3.201000061E2	3.216000080E0	3.000000000E0
1.906319432E1	4.483809797E1	-5.666412000E-1	6.791828365E0	1.148999977E1	3.177000122E2	3.216000080E0	3.000000000E0
2.006319452E1	4.483816438E1	-5.667358900E-1	6.800235551E0	1.094999981E1	3.172999878E2	3.216000080E0	3.000000000E0
2.106319478E1	4.483824203E1	-5.668259300E-1	6.765676471E0	1.101000023E1	3.213999939E2	3.216000080E0	3.000000000E0
2.206319447E1	4.483832824E1	-5.669223700E-1	6.615328163E0	1.040999985E1	3.197000122E2	3.216000080E0	3.000000000E0
2.306319452E1	4.483840158E1	-5.669962000E-1	6.611787458E0	1.003999996E1	3.212999878E2	3.216000080E0	3.000000000E0
2.406319400E1	4.483847224E1	-5.670748700E-1	6.943021209E0	9.840000153E0	3.220000000E2	3.216000080E0	3.000000000E0
2.506319400E1	4.483853295E1	-5.671501800E-1	7.433743222E0	8.890000343E0	3.236000061E2	3.216000080E0	3.000000000E0
2.606319452E1	4.483859577E1	-5.672313200E-1	8.529380128E0	9.510000229E0	3.191000061E2	3.216000080E0	3.000000000E0
2.706319400E1	4.483866630E1	-5.672936900E-1	8.734527457E0	9.449999809E0	3.245000000E2	3.216000080E0	3.000000000E0
2.806319489E1	4.483873756E1	-5.673680600E-1	8.222075423E0	9.590000153E0	3.265000000E2	3.216000080E0	4.000000000E0
2.906319473E1	4.483881117E1	-5.674390600E-1	7.800568089E0	1.044999981E1	3.317000122E2	3.216000080E0	4.000000000E0
3.006319447E1	4.483888412E1	-5.675129200E-1	8.137542567E0	1.001000023E1	3.273999939E2	3.216000080E0	4.000000000E0
3.106319416E1	4.483896688E1	-5.675717800E-1	7.871866261E0	9.850000381E0	3.283999939E2	3.216000080E0	4.000000000E0
3.206319385E1	4.483903127E1	-5.676379100E-1	8.489792106E0	9.609999657E0	3.287000122E2	3.216000080E0	4.000000000E0
3.306319338E1	4.483911432E1	-5.676920100E-1	8.194090044E0	1.026000023E1	3.307000122E2	3.216000080E0	4.000000000E0
3.406319426E1	4.483918022E1	-5.677806700E-1	9.945543850E0	1.014999962E1	3.241000061E2	3.216000080E0	4.000000000E0
3.506319281E1	4.483925554E1	-5.678451000E-1	8.018181928E0	1.009000015E1	3.232999878E2	3.216000080E0	4.000000000E0
3.606319395E1	4.483932638E1	-5.679037400E-1	8.526432642E0	9.659999847E0	3.263999939E2	3.216000080E0	4.000000000E0
3.706319348E1	4.483940223E1	-5.679973400E-1	8.261829649E0	1.022000027E1	3.252000122E2	3.216000080E0	4.000000000E0
3.806319520E1	4.483949276E1	-5.680374000E-1	7.733471425E0	1.010999966E1	3.347999878E2	3.216000080E0	4.000000000E0
3.906319395E1	4.483956688E1	-5.680943700E-1	8.289391567E0	1.018000031E1	3.293999939E2	3.216000080E0	3.000000000E0
4.006319452E1	4.483964430E1	-5.681549600E-1	8.529024539E0	9.569999695E0	3.292999878E2	3.216000080E0	3.000000000E0
4.106319452E1	4.483971779E1	-5.682186400E-1	8.463601842E0	9.819999695E0	3.276000061E2	3.216000080E0	3.000000000E0
4.206319447E1	4.483979758E1	-5.682780700E-1	8.431445930E0	9.930000305E0	3.293999939E2	3.216000080E0	3.000000000E0
4.306319515E1	4.483988450E1	-5.683311500E-1	8.684999704E0	9.859999657E0	3.332999878E2	3.216000080E0	3.000000000E0
4.406319458E1	4.483995644E1	-5.683837800E-1	9.816179648E0	9.579999924E0	3.323999939E2	3.216000080E0	3.000000000E0
4.506319463E1	4.484003187E1	-5.684482700E-1	1.048171322E1	9.890000343E0	3.278999939E2	3.216000080E0	3.000000000E0
4.606319463E1	4.484010485E1	-5.685117900E-1	1.076242108E1	9.909999847E0	3.327999878E2	3.216000080E0	3.000000000E0
4.706319385E1	4.484018523E1	-5.685778400E-1	1.064688618E1	9.909999847E0	3.295000000E2	3.216000080E0	3.000000000E0
4.806319463E1	4.484026612E1	-5.686302600E-1	1.079948885E1	9.670000076E0	3.322000122E2	3.216000080E0	3.000000000E0
4.906319478E1	4.484034443E1	-5.686837400E-1	1.164813588E1	9.699999809E0	3.330000000E2	3.216000080E0	3.000000000E0
5.006319525E1	4.484043098E1	-5.687377900E-1	1.124293655E1	1.001000023E1	3.342000122E2	3.216000080E0	3.000000000E0
5.106319463E1	4.484051515E1	-5.687848500E-1	1.088095554E1	1.018999958E1	3.382000122E2	3.216000080E0	3.000000000E0
5.206319400E1	4.484059702E1	-5.688261500E-1	1.142321488E1	9.420000076E0	3.392999878E2	3.216000080E0	3.000000000E0
5.306319317E1	4.484068072E1	-5.688816500E-1	1.157160360E1	1.010000038E1	3.363999939E2	3.216000080E0	3.000000000E0
5.406319406E1	4.484077637E1	-5.689362500E-1	1.073689868E1	9.890000343E0	3.400000000E2	3.216000080E0	3.000000000E0
5.506319525E1	4.484085703E1	-5.689930800E-1	1.072116315E1	9.850000381E0	3.353999939E2	3.216000080E0	3.000000000E0
5.606319463E1	4.484094123E1	-5.690410500E-1	1.062315853E1	9.789999962E0	3.408999939E2	3.216000080E0	3.000000000E0
5.706319364E1	4.484101959E1	-5.690867900E-1	1.028553207E1	9.399999619E0	3.390000000E2	3.216000080E0	3.000000000E0
5.806319390E1	4.484110074E1	-5.691268100E-1	1.164682321E1	9.760000229E0	3.387000122E2	3.216000080E0	3.000000000E0
5.906319484E1	4.484117660E1	-5.691575200E-1	1.141284589E1	9.369999886E0	3.442000122E2	3.216000080E0	3.000000000E0
6.006319390E1	4.484125872E1	-5.691866500E-1	1.108279986E1	9.989999771E0	3.432999878E2	3.216000080E0	3.000000000E0
6.106319406E1	4.484133932E1	-5.692003100E-1	9.308002333E0	9.300000191E0	3.457000122E2	3.216000080E0	3.000000000E0
6.206319317E1	4.484141234E1	-5.692457400E-1	9.037454222E0	8.829999924E0	3.432000122E2	3.216000080E0	3.000000000E0
6.306319390E1	4.484149344E1	-5.692780200E-1	9.570382016E0	9.399999619E0	3.438999939E2	3.216000080E0	3.000000000E0
6.406319468E1	4.484156439E1	-5.693302000E-1	8.860253860E0	8.989999771E0	3.407000122E2	3.216000080E0	3.000000000E0
6.506319421E1	4.484164875E1	-5.693553400E-1	9.000608577E0	8.699999809E0	3.452000122E2	3.216000080E0	3.000000000E0
6.606319395E1	4.484172260E1	-5.693826700E-1	7.211641292E0	8.550000191E0	3.468999939E2	3.216000080E0	3.000000000E0
6.706319447E1	4.484179857E1	-5.694126200E-1	7.900088861E0	9.170000076E0	3.382000122E2	3.216000080E0	3.000000000E0
6.806319479E1	4.484186422E1	-5.694486900E-1	7.653413141E0	8.460000038E0	3.412000122E2	3.216000080E0	3.000000000E0
6.906319400E1	4.484194354E1	-5.694748000E-1	7.236577641E0	9.250000000E0	3.442000122E2	3.216000080E0	3.000000000E0
7.006319426E1	4.484202258E1	-5.695083800E-1	6.836460228E0	9.220000267E0	3.431000061E2	3.216000080E0	3.000000000E0
7.106319447E1	4.484208491E1	-5.695497300E-1	5.173276961E0	8.770000458E0	3.397000122E2	3.216000080E0	3.000000000E0
7.206319380E1	4.484216049E1	-5.695843200E-1	6.103176192E0	8.859999657E0	3.410000000E2	3.216000080E0	3.000000000E0
7.306319140E1	4.484223386E1	-5.696219500E-1	6.170219348E0	9.020000458E0	3.437000122E2	3.216000080E0	3.000000000E0
7.406319437E1	4.484230945E1	-5.696613800E-1	7.024065169E0	8.819999695E0	3.422000122E2	3.216000080E0	3.000000000E0
7.506319333E1	4.484238854E1	-5.696943000E-1	6.839341324E0	8.770000458E0	3.432000122E2	3.216000080E0	3.000000000E0
7.606319369E1	4.484246145E1	-5.697209000E-1	6.243917167E0	8.630000114E0	3.452999878E2	3.216000080E0	3.000000000E0
7.706319484E1	4.484253882E1	-5.697368800E-1	7.339174370E0	8.850000381E0	3.481000061E2	3.216000080E0	3.000000000E0
7.806319359E1	4.484262575E1	-5.697700700E-1	7.760162535E0	9.329999924E0	3.502999878E2	3.216000080E0	3.000000000E0
7.906319354E1	4.484270490E1	-5.697845600E-1	7.112744915E0	8.819999695E0	3.516000061E2	3.216000080E0	3.000000000E0
8.006319369E1	4.484279269E1	-5.697948000E-1	7.307736937E0	9.260000229E0	3.507999878E2	3.216000080E0	3.000000000E0
8.106319312E1	4.484287541E1	-5.697995600E-1	7.982958097E0	8.460000038E0	3.498999939E2	3.216000080E0	3.000000000E0
8.206319390E1	4.484295832E1	-5.698151900E-1	8.149809322E0	8.989999771E0	3.500000000E2	3.216000080E0	3.000000000E0
8.306319328E1	4.484303298E1	-5.698354300E-1	9.029121210E0	9.069999695E0	3.508999939E2	3.216000080E0	3.000000000E0
8.406319380E1	4.484311585E1	-5.698488400E-1	8.920644505E0	8.810000420E0	3.513999939E2	3.216000080E0	3.000000000E0
8.506319395E1	4.484319167E1	-5.698766600E-1	9.741662070E0	8.789999962E0	3.503999939E2	3.216000080E0	3.000000000E0
8.606319354E1	4.484326800E1	-5.698929100E-1	1.006323753E1	8.829999924E0	3.492000122E2	3.216000080E0	3.000000000E0
8.706319343E1	4.484334538E1	-5.699155100E-1	1.079838239E1	8.180000305E0	3.468999939E2	3.216000080E0	3.000000000E0
8.806319468E1	4.484341856E1	-5.699382900E-1	1.145143520E1	8.409999847E0	3.482999878E2	3.216000080E0	3.000000000E0
8.906319369E1	4.484349861E1	-5.699485400E-1	1.089990690E1	8.489999771E0	3.492000122E2	3.216000080E0	3.000000000E0
9.006319458E1	4.484358339E1	-5.699813500E-1	1.007260455E1	8.510000229E0	3.467999878E2	3.216000080E0	3.000000000E0
9.106319416E1	4.484365879E1	-5.699944900E-1	9.637895794E0	8.159999847E0	3.471000061E2	3.216000080E0	3.000000000E0
9.206319421E1	4.484371863E1	-5.700236300E-1	1.045879171E1	7.909999847E0	3.475000000E2	3.216000080E0	3.000000000E0
9.306319416E1	4.484379963E1	-5.700232700E-1	9.888167238E0	8.569999695E0	3.511000061E2	3.216000080E0	3.000000000E0
9.406319395E1	4.484387979E1	-5.700374700E-1	1.017062037E1	8.319999695E0	3.483999939E2	3.216000080E0	3.000000000E0
9.506319390E1	4.484395582E1	-5.700496500E-1	1.052808757E1	8.210000038E0	3.501000061E2	3.216000080E0	4.000000000E0
9.606319463E1	4.484402977E1	-5.700780500E-1	1.108146573E1	8.199999809E0	3.487000122E2	3.216000080E0	4.000000000E0
9.706319437E1	4.484410645E1	-5.701243400E-1	1.004968628E1	8.520000458E0	3.436000061E2	3.216000080E0	4.000000000E0
9.806319426E1	4.484419391E1	-5.701545300E-1	9.775913485E0	8.869999886E0	3.468999939E2	3.216000080E0	4.000000000E0
9.906319416E1	4.484426744E1	-5.701600100E-1	9.031945475E0	8.159999847E0	3.482000122E2	3.216000080E0	4.000000000E0
1.000631940E2	4.484433442E1	-5.701800700E-1	1.008771083E1	8.020000458E0	3.478999939E2	3.216000080E0	4.000000000E0
1.010631941E2	4.484440716E1	-5.701946500E-1	7.886094507E0	8.079999924E0	3.466000061E2	3.216000080E0	4.000000000E0
1.020631928E2	4.484446745E1	-5.702159400E-1	8.571376131E0	8.109999657E0	3.517000122E2	3.216000080E0	4.000000000E0
1.030631935E2	4.484453795E1	-5.702351100E-1	8.613531003E0	7.760000229E0	3.495000000E2	3.216000080E0	4.000000000E0
1.040631934E2	4.484461377E1	-5.702487400E-1	7.627369227E0	7.909999847E0	3.507000122E2	3.216000080E0	4.000000000E0
1.050631947E2	4.484468363E1	-5.702741200E-1	7.272546877E0	7.960000038E0	3.487000122E2	3.216000080E0	3.000000000E0
1.060631948E2	4.484476064E1	-5.702913600E-1	6.742498034E0	8.210000038E0	3.475000000E2	3.216000080E0	3.000000000E0
1.070631942E2	4.484482576E1	-5.703035800E-1	6.815542345E0	7.809999943E0	3.511000061E2	3.216000080E0	3.000000000E0
1.080631940E2	4.484489450E1	-5.703241900E-1	6.477996597E0	8.079999924E0	3.490000000E2	3.216000080E0	3.000000000E0
1.090631944E2	4.484496805E1	-5.703488500E-1	6.748723784E0	8.140000343E0	3.502999878E2	3.216000080E0	3.000000000E0
1.100631949E2	4.484503365E1	-5.703638900E-1	7.276355800E0	7.800000191E0	3.503999939E2	3.216000080E0	3.000000000E0
1.110631942E2	4.484511021E1	-5.703751400E-1	6.222263610E0	7.940000057E0	3.498999939E2	3.216000080E0	3.000000000E0
1.120631943E2	4.484517980E1	-5.703888000E-1	6.353289863E0	7.820000172E0	3.487999878E2	3.216000080E0	3.000000000E0
1.130631941E2	4.484523212E1	-5.703965900E-1	7.231697478E0	7.889999866E0	3.496000061E2	3.216000080E0	3.000000000E0
1.140631932E2	4.484529721E1	-5.704131300E-1	6.952809870E0	7.630000114E0	3.503999939E2	3.216000080E0	3.000000000E0
1.150631933E2	4.484536797E1	-5.704367300E-1	6.614895518E0	8.100000381E0	3.473999939E2	3.216000080E0	3.000000000E0
1.160631938E2	4.484544122E1	-5.704583700E-1	6.181401356E0	7.980000019E0	3.506000061E2	3.216000080E0	3.000000000E0
1.170631936E2	4.484550616E1	-5.704699200E-1	6.749014061E0	7.429999828E0	3.532999878E2	3.216000080E0	3.000000000E0
1.180631942E2	4.484557304E1	-5.704760700E-1	7.505900636E0	8.270000458E0	3.526000061E2	3.216000080E0	4.000000000E0
1.190631946E2	4.484565174E1	-5.704903000E-1	7.054772358E0	7.980000019E0	3.522000122E2	3.216000080E0	4.000000000E0
1.200631941E2	4.484573903E1	-5.705010100E-1	6.791329058E0	7.969999790E0	3.522999878E2	3.216000080E0	4.000000000E0
1.210631941E2	4.484581126E1	-5.705161200E-1	7.434194830E0	7.840000153E0	3.513999939E2	3.216000080E0	3.000000000E0
1.220631943E2	4.484588552E1	-5.705339600E-1	7.569673141E0	7.750000000E0	3.517999878E2	3.216000080E0	3.000000000E0
1.230631937E2	4.484595409E1	-5.705464200E-1	7.616532905E0	8.060000420E0	3.561000061E2	3.216000080E0	3.000000000E0
1.240631946E2	4.484601719E1	-5.705546500E-1	7.499638968E0	8.260000229E0	3.530000000E2	3.216000080E0	3.000000000E0
1.250631945E2	4.484608649E1	-5.705750100E-1	6.724654413E0	8.050000191E0	3.518999939E2	3.216000080E0	3.000000000E0
1.260631951E2	4.484615018E1	-5.705854000E-1	8.724519074E0	7.590000153E0	3.552999878E2	3.216000080E0	3.000000000E0
1.270631952E2	4.484623064E1	-5.705903400E-1	8.861776468E0	8.390000343E0	3.555000000E2	3.216000080E0	3.000000000E0
1.280631943E2	4.484628630E1	-5.705994700E-1	7.661386417E0	6.199999809E0	3.558999939E2	3.216000080E0	3.000000000E0
1.290631935E2	4.484636150E1	-5.706164300E-1	6.863820874E0	7.619999886E0	3.522999878E2	3.216000080E0	4.000000000E0
1.300631939E2	4.484643449E1	-5.706338100E-1	7.012605310E0	8.000000000E0	3.536000061E2	3.216000080E0	4.000000000E0
1.310631948E2	4.484650939E1	-5.706497700E-1	8.343885755E0	8.170000076E0	3.565000000E2	3.216000080E0	3.000000000E0
1.320631935E2	4.484659380E1	-5.706444900E-1	7.385630391E0	8.170000076E0	3.572999878E2	3.216000080E0	3.000000000E0
1.330631941E2	4.484665403E1	-5.706532800E-1	7.233885218E0	7.900000095E0	3.586000061E2	3.216000080E0	4.000000000E0
1.340631944E2	4.484672811E1	-5.706524900E-1	7.910637178E0	8.069999695E0	3.587999878E2	3.216000080E0	3.000000000E0
1.350631944E2	4.484678799E1	-5.706604400E-1	8.379803306E0	7.920000076E0	2.799999952E0	3.216000080E0	3.000000000E0
1.360631946E2	4.484685331E1	-5.706643900E-1	8.228549573E0	7.780000210E0	3.597000122E2	3.216000080E0	3.000000000E0
1.370631940E2	4.484692620E1	-5.706609300E-1	8.854522372E0	8.869999886E0	2.000000000E0	3.216000080E0	3.000000000E0
1.380631941E2	4.484699106E1	-5.706648700E-1	1.033809535E1	8.039999962E0	3.200000048E0	3.216000080E0	3.000000000E0
1.390631941E2	4.484706242E1	-5.706669500E-1	9.407118359E0	8.050000191E0	3.592999878E2	3.216000080E0	3.000000000E0
1.400631944E2	4.484714175E1	-5.706568700E-1	9.051222962E0	8.329999924E0	4.500000000E0	3.216000080E0	3.000000000E0
1.410631947E2	4.484722276E1	-5.706388000E-1	8.950948593E0	8.119999886E0	8.800000191E0	3.216000080E0	3.000000000E0
1.420631933E2	4.484728809E1	-5.706209100E-1	8.998197424E0	7.960000038E0	5.400000095E0	3.216000080E0	3.000000000E0
1.430631940E2	4.484736255E1	-5.706095400E-1	9.536041200E0	8.470000267E0	2.799999952E0	3.216000080E0	3.000000000E0
1.440631944E2	4.484744145E1	-5.705940500E-1	9.093846147E0	8.909999847E0	5.800000191E0	3.216000080E0	3.000000000E0
1.450631936E2	4.484752552E1	-5.705825600E-1	8.623998745E0	8.460000038E0	6.800000191E0	3.216000080E0	3.000000000E0
1.460631943E2	4.484760590E1	-5.705678600E-1	8.624918209E0	8.470000267E0	7.800000191E0	3.216000080E0	3.000000000E0
1.470631948E2	4.484767124E1	-5.705556600E-1	9.392804895E0	8.310000420E0	8.300000191E0	3.216000080E0	3.000000000E0
1.480631946E2	4.484772694E1	-5.705452500E-1	9.267258471E0	8.310000420E0	6.800000191E0	3.216000080E0	3.000000000E0
1.490631945E2	4.484780394E1	-5.705322100E-1	9.417591054E0	8.510000229E0	8.000000000E0	3.216000080E0	3.000000000E0
1.500631939E2	4.484787479E1	-5.705164000E-1	9.416925254E0	8.140000343E0	9.899999619E0	3.216000080E0	3.000000000E0
1.510631933E2	4.484795275E1	-5.704896800E-1	9.692328954E0	8.239999771E0	1.039999962E1	3.216000080E0	3.000000000E0
1.520631947E2	4.484803532E1	-5.704703500E-1	8.248366408E0	8.239999771E0	8.899999619E0	3.216000080E0	4.000000000E0
1.530631947E2	4.484810087E1	-5.704577100E-1	8.128252909E0	8.189999580E0	1.019999981E1	3.216000080E0	3.000000000E0
1.540631943E2	4.484817657E1	-5.704381700E-1	8.208461035E0	8.180000305E0	9.399999619E0	3.216000080E0	3.000000000E0
1.550631935E2	4.484825608E1	-5.704155300E-1	8.500707265E0	8.340000153E0	1.080000019E1	3.216000080E0	3.000000000E0
1.560631934E2	4.484833147E1	-5.703924700E-1	8.715866762E0	7.909999847E0	9.899999619E0	3.216000080E0	3.000000000E0
1.570631932E2	4.484840109E1	-5.703674200E-1	8.461789956E0	8.119999886E0	1.319999981E1	3.216000080E0	3.000000000E0
1.580631937E2	4.484846560E1	-5.703428500E-1	7.513804546E0	7.869999886E0	1.350000000E1	3.216000080E0	3.000000000E0
1.590631943E2	4.484853796E1	-5.703161200E-1	7.652856188E0	8.449999809E0	1.519999981E1	3.216000080E0	3.000000000E0
1.600631948E2	4.484861089E1	-5.702820700E-1	7.396771615E0	8.189999580E0	1.750000000E1	3.216000080E0	3.000000000E0
1.610631942E2	4.484868628E1	-5.702547000E-1	7.423274637E0	8.279999733E0	1.620000076E1	3.216000080E0	3.000000000E0
1.620631945E2	4.484875854E1	-5.702176600E-1	7.421464799E0	8.300000191E0	1.600000000E1	3.216000080E0	3.000000000E0
1.630631937E2	4.484883505E1	-5.701933400E-1	6.754789184E0	8.229999542E0	1.200000000E1	3.216000080E0	3.000000000E0
1.640631932E2	4.484890123E1	-5.701566900E-1	7.853809660E0	8.789999962E0	2.429999924E1	3.216000080E0	3.000000000E0
1.650631933E2	4.484897615E1	-5.701330000E-1	8.524169845E0	8.260000229E0	1.580000019E1	3.216000080E0	3.000000000E0
1.660631929E2	4.484904559E1	-5.701010400E-1	8.744890651E0	8.350000381E0	1.689999962E1	3.216000080E0	3.000000000E0
1.670631943E2	4.484912262E1	-5.700765300E-1	7.980192664E0	8.560000420E0	1.450000000E1	3.216000080E0	3.000000000E0
1.680631933E2	4.484919326E1	-5.700538600E-1	8.899087615E0	8.279999733E0	1.480000019E1	3.216000080E0	3.000000000E0
1.690631940E2	4.484927072E1	-5.700162400E-1	8.923644927E0	8.770000458E0	1.729999924E1	3.216000080E0	3.000000000E0
1.700631932E2	4.484934501E1	-5.699874100E-1	9.688613466E0	8.430000305E0	1.720000076E1	3.216000080E0	4.000000000E0
1.710631936E2	4.484942048E1	-5.699619100E-1	9.876553061E0	8.609999657E0	1.369999981E1	3.216000080E0	3.000000000E0
1.720631940E2	4.484948943E1	-5.699310800E-1	9.813459582E0	8.140000343E0	1.720000076E1	3.216000080E0	3.000000000E0
1.730631945E2	4.484956255E1	-5.699012800E-1	1.036431761E1	8.909999847E0	2.050000000E1	3.216000080E0	4.000000000E0
1.740631938E2	4.484963811E1	-5.698679900E-1	1.010395975E1	8.699999809E0	1.729999924E1	3.216000080E0	3.000000000E0
1.750631939E2	4.484970369E1	-5.698407400E-1	1.053762904E1	8.260000229E0	1.580000019E1	3.216000080E0	3.000000000E0
1.760631941E2	4.484978795E1	-5.698020800E-1	1.062261132E1	8.350000381E0	1.889999962E1	3.216000080E0	4.000000000E0
1.770631942E2	4.484984811E1	-5.697500800E-1	1.133217835E1	8.789999962E0	2.560000038E1	3.216000080E0	4.000000000E0
1.780631942E2	4.484992152E1	-5.697083600E-1	1.033952713E1	8.810000420E0	1.960000038E1	3.216000080E0	3.000000000E0
1.790631937E2	4.484999430E1	-5.696633000E-1	1.065712013E1	8.380000114E0	2.639999962E1	3.216000080E0	3.000000000E0
1.800631937E2	4.485005129E1	-5.696122200E-1	9.943652080E0	7.940000057E0	2.420000076E1	3.216000080E0	3.000000000E0
1.810631943E2	4.485012640E1	-5.695722800E-1	1.058191978E1	8.329999924E0	2.560000038E1	3.216000080E0	3.000000000E0
1.820631941E2	4.485019200E1	-5.695388700E-1	9.694243529E0	7.860000134E0	2.520000076E1	3.216000080E0	3.000000000E0
1.830631936E2	4.485026017E1	-5.694904700E-1	9.747313035E0	8.329999924E0	2.700000000E1	3.216000080E0	3.000000000E0
1.840631946E2	4.485032777E1	-5.694440000E-1	1.056148955E1	7.679999828E0	2.439999962E1	3.216000080E0	3.000000000E0
1.850631937E2	4.485039014E1	-5.693973200E-1	1.072490985E1	7.679999828E0	2.550000000E1	3.216000080E0	3.000000000E0
1.860631948E2	4.485045013E1	-5.693533700E-1	1.002730537E1	7.719999790E0	3.200000000E1	3.216000080E0	3.000000000E0
1.870631942E2	4.485050929E1	-5.692954800E-1	9.272155156E0	7.920000076E0	3.329999924E1	3.216000080E0	3.000000000E0
1.880631939E2	4.485056552E1	-5.692393800E-1	8.548192831E0	7.750000000E0	3.000000000E1	3.216000080E0	3.000000000E0
1.890631937E2	4.485062714E1	-5.691826800E-1	8.603649421E0	8.270000458E0	2.979999924E1	3.216000080E0	3.000000000E0
1.900631936E2	4.485068688E1	-5.691387000E-1	8.112710018E0	7.989999771E0	3.050000000E1	3.216000080E0	3.000000000E0
1.910631942E2	4.485074754E1	-5.690800300E-1	9.012223323E0	8.300000191E0	3.370000076E1	3.216000080E0	3.000000000E0
1.920631935E2	4.485080758E1	-5.690319400E-1	8.421677562E0	8.029999733E0	3.200000000E1	3.216000080E0	3.000000000E0
1.930631940E2	4.485087637E1	-5.689745800E-1	9.170371305E0	8.409999847E0	3.400000000E1	3.216000080E0	3.000000000E0
1.940631943E2	4.485093858E1	-5.689231100E-1	8.584710667E0	8.449999809E0	3.340000153E1	3.216000080E0	3.000000000E0
1.950631935E2	4.485100224E1	-5.688710900E-1	9.075405287E0	8.670000076E0	3.110000038E1	3.216000080E0	3.000000000E0
1.960631938E2	4.485105971E1	-5.688123300E-1	9.145390115E0	8.220000267E0	3.309999847E1	3.216000080E0	3.000000000E0
1.970631931E2	4.485112391E1	-5.687556300E-1	9.100077410E0	8.380000114E0	3.240000153E1	3.216000080E0	3.000000000E0
1.980631936E2	4.485118908E1	-5.686984400E-1	8.772172207E0	8.449999809E0	3.320000076E1	3.216000080E0	3.000000000E0
1.990631933E2	4.485124823E1	-5.686345300E-1	8.901242727E0	8.279999733E0	3.340000153E1	3.216000080E0	3.000000000E0
2.000631944E2	4.485133187E1	-5.685708100E-1	8.801184974E0	9.079999924E0	3.189999962E1	3.216000080E0	3.000000000E0
2.010631945E2	4.485139015E1	-5.685106800E-1	9.255020827E0	8.489999771E0	3.409999847E1	3.216000080E0	3.000000000E0
2.020631938E2	4.485145010E1	-5.684455900E-1	1.017114048E1	8.380000114E0	3.250000000E1	3.216000080E0	3.000000000E0
2.030631937E2	4.485151921E1	-5.683949400E-1	1.090499764E1	8.859999657E0	2.910000038E1	3.216000080E0	3.000000000E0
2.040631929E2	4.485158541E1	-5.683356800E-1	1.069818761E1	8.949999809E0	3.089999962E1	3.216000080E0	3.000000000E0
2.050631935E2	4.485165879E1	-5.682775000E-1	1.030637858E1	8.869999886E0	3.089999962E1	3.216000080E0	3.000000000E0
2.060631939E2	4.485172449E1	-5.682121100E-1	1.010616493E1	8.479999542E0	3.200000000E1	3.216000080E0	3.000000000E0
2.070631931E2	4.485178352E1	-5.681557000E-1	1.050933876E1	8.300000191E0	3.220000076E1	3.216000080E0	3.000000000E0
2.080631929E2	4.485185554E1	-5.681044200E-1	1.030795442E1	8.829999924E0	2.750000000E1	3.216000080E0	3.000000000E0
2.090631932E2	4.485192481E1	-5.680592700E-1	1.013403158E1	8.720000267E0	3.000000000E1	3.216000080E0	3.000000000E0
2.100631939E2	4.485198996E1	-5.680034500E-1	1.001462142E1	8.670000076E0	2.960000038E1	3.216000080E0	3.000000000E0
2.110631936E2	4.485204838E1	-5.679434600E-1	1.068165292E1	8.420000076E0	3.229999924E1	3.216000080E0	3.000000000E0
2.120631941E2	4.485211832E1	-5.678792800E-1	1.052648192E1	8.710000038E0	3.240000153E1	3.216000080E0	3.000000000E0
2.130631939E2	4.485218730E1	-5.678104700E-1	9.706031230E0	9.119999886E0	2.920000076E1	3.216000080E0	3.000000000E0
2.140631933E2	4.485223639E1	-5.677402400E-1	9.296899261E0	8.579999924E0	3.740000153E1	3.216000080E0	3.000000000E0
2.150631937E2	4.485230034E1	-5.676716900E-1	9.035774985E0	8.909999847E0	3.579999924E1	3.216000080E0	3.000000000E0
2.160631931E2	4.485236776E1	-5.676108600E-1	9.128953759E0	8.569999695E0	3.229999924E1	3.216000080E0	3.000000000E0
2.170631931E2	4.485243130E1	-5.675551000E-1	9.057761439E0	8.720000267E0	3.010000038E1	3.216000080E0	3.000000000E0
2.180631934E2	4.485250451E1	-5.675035900E-1	9.005424975E0	8.649999619E0	3.290000153E1	3.216000080E0	3.000000000E0
2.190631944E2	4.485256721E1	-5.674387600E-1	8.573094423E0	9.359999657E0	3.590000153E1	3.216000080E0	3.000000000E0
2.200631946E2	4.485262440E1	-5.673681300E-1	8.802084572E0	8.310000420E0	3.959999847E1	3.216000080E0	3.000000000E0
2.210631947E2	4.485266833E1	-5.672874900E-1	8.007035455E0	8.439999580E0	4.290000153E1	3.216000080E0	3.000000000E0
2.220631943E2	4.485272801E1	-5.672198400E-1	8.081726292E0	8.840000153E0	3.990000153E1	3.216000080E0	3.000000000E0
2.230631937E2	4.485279205E1	-5.671510300E-1	8.841171017E0	8.340000153E0	3.670000076E1	3.216000080E0	3.000000000E0
2.240631937E2	4.485285252E1	-5.670900000E-1	8.482446227E0	8.479999542E0	3.600000000E1	3.216000080E0	3.000000000E0
2.250631929E2	4.485291563E1	-5.670222100E-1	9.087349255E0	8.539999962E0	3.759999847E1	3.216000080E0	3.000000000E0
2.260631946E2	4.485297852E1	-5.669550000E-1	9.206595131E0	8.170000076E0	3.740000153E1	3.216000080E0	3.000000000E0
2.270631940E2	4.485303813E1	-5.668915400E-1	9.812227676E0	8.340000153E0	3.990000153E1	3.216000080E0	3.000000000E0
2.280631938E2	4.485310202E1	-5.668285400E-1	9.278333129E0	8.720000267E0	3.770000076E1	3.216000080E0	3.000000000E0
2.290631936E2	4.485316175E1	-5.667689400E-1	9.878408598E0	8.380000114E0	3.759999847E1	3.216000080E0	3.000000000E0
2.300631939E2	4.485321532E1	-5.667150200E-1	9.907679622E0	8.090000153E0	3.859999847E1	3.216000080E0	3.000000000E0
2.310631938E2	4.485327063E1	-5.666473800E-1	1.053846211E1	8.170000076E0	3.809999847E1	3.216000080E0	3.000000000E0
2.320631938E2	4.485333192E1	-5.665838300E-1	9.886526200E0	8.640000343E0	3.700000000E1	3.216000080E0	3.000000000E0
2.330631938E2	4.485337909E1	-5.665212600E-1	9.196810050E0	8.560000420E0	3.990000153E1	3.216000080E0	3.000000000E0
2.340631940E2	4.485344208E1	-5.664499900E-1	9.097614069E0	8.920000076E0	4.000000000E1	3.216000080E0	3.000000000E0
2.350631938E2	4.485349660E1	-5.663766300E-1	9.188544898E0	8.640000343E0	4.409999847E1	3.216000080E0	3.000000000E0
2.360631931E2	4.485355944E1	-5.663066300E-1	9.072013998E0	8.890000343E0	4.129999924E1	3.216000080E0	3.000000000E0
2.370631935E2	4.485361727E1	-5.662290000E-1	9.167647393E0	8.729999542E0	4.179999924E1	3.216000080E0	3.000000000E0
2.380631938E2	4.485368652E1	-5.661585300E-1	1.021133355E1	8.869999886E0	3.950000000E1	3.216000080E0	3.000000000E0
2.390631938E2	4.485374774E1	-5.660782100E-1	9.659873898E0	8.750000000E0	4.300000000E1	3.216000080E0	3.000000000E0
2.400631931E2	4.485380376E1	-5.660062500E-1	9.455454415E0	8.630000114E0	4.120000076E1	3.216000080E0	3.000000000E0
2.410631939E2	4.485385478E1	-5.659311300E-1	9.352844354E0	7.840000153E0	4.540000153E1	3.216000080E0	3.000000000E0
2.420631940E2	4.485390897E1	-5.658542600E-1	9.905752881E0	8.579999924E0	4.450000000E1	3.216000080E0	3.000000000E0
2.430631933E2	4.485395891E1	-5.657810300E-1	8.888956940E0	8.390000343E0	4.359999847E1	3.216000080E0	3.000000000E0
2.440631949E2	4.485401430E1	-5.657079500E-1	8.592924558E0	8.569999695E0	4.359999847E1	3.216000080E0	3.000000000E0
2.450631942E2	4.485406289E1	-5.656454800E-1	8.303598792E0	8.340000153E0	4.390000153E1	3.216000080E0	3.000000000E0
2.460631929E2	4.485411132E1	-5.655677500E-1	7.678590975E0	8.960000038E0	4.170000076E1	3.216000080E0	3.000000000E0
2.470631934E2	4.485415793E1	-5.654991700E-1	7.143725469E0	8.180000305E0	4.279999924E1	3.216000080E0	3.000000000E0
2.480631938E2	4.485421039E1	-5.654187300E-1	6.751324271E0	8.680000305E0	4.320000076E1	3.216000080E0	3.000000000E0
2.490631929E2	4.485426860E1	-5.653456100E-1	6.311981102E0	8.800000191E0	4.259999847E1	3.216000080E0	3.000000000E0
2.500631944E2	4.485432465E1	-5.652678200E-1	5.788962380E0	8.369999886E0	4.370000076E1	3.216000080E0	3.000000000E0
2.510631934E2	4.485439280E1	-5.651955600E-1	6.550484375E0	8.949999809E0	3.940000153E1	3.216000080E0	4.000000000E0
2.520631943E2	4.485445815E1	-5.651188700E-1	5.957029427E0	9.350000381E0	4.059999847E1	3.216000080E0	3.000000000E0
2.530631938E2	4.485451724E1	-5.650461000E-1	6.557969107E0	9.060000420E0	3.690000153E1	3.216000080E0	3.000000000E0
2.540631942E2	4.485457176E1	-5.649726600E-1	6.699375996E0	8.329999924E0	4.590000153E1	3.216000080E0	4.000000000E0
2.550631948E2	4.485462930E1	-5.648869500E-1	6.398530949E0	8.579999924E0	4.729999924E1	3.216000080E0	3.000000000E0
2.560631951E2	4.485468270E1	-5.648085500E-1	7.304345898E0	7.480000019E0	4.490000153E1	3.216000080E0	3.000000000E0
2.570631942E2	4.485474051E1	-5.647327000E-1	7.234145377E0	8.659999847E0	4.420000076E1	3.216000080E0	3.000000000E0
2.580631943E2	4.485480417E1	-5.646584800E-1	8.106631109E0	8.970000267E0	3.850000000E1	3.216000080E0	3.000000000E0
2.590631945E2	4.485484818E1	-5.645885800E-1	7.561451830E0	8.090000153E0	4.800000000E1	3.216000080E0	3.000000000E0
2.600631933E2	4.485491068E1	-5.645016700E-1	8.183519801E0	8.909999847E0	4.690000153E1	3.216000080E0	3.000000000E0
2.610631951E2	4.485496018E1	-5.644270000E-1	9.311378219E0	8.170000076E0	4.300000000E1	3.216000080E0	3.000000000E0
2.620631940E2	4.485501568E1	-5.643448100E-1	1.005624605E1	8.729999542E0	4.679999924E1	3.216000080E0	3.000000000E0
2.630631940E2	4.485507044E1	-5.642579500E-1	9.568268283E0	9.109999657E0	5.440000153E1	3.216000080E0	3.000000000E0
2.640631944E2	4.485510543E1	-5.641752100E-1	7.920560235E0	8.289999962E0	5.259999847E1	3.216000080E0	3.000000000E0
2.650631943E2	4.485515547E1	-5.640972800E-1	7.635212994E0	8.229999542E0	4.550000000E1	3.216000080E0	3.000000000E0
2.660631943E2	4.485520037E1	-5.640184400E-1	7.120985049E0	8.250000000E0	4.729999924E1	3.216000080E0	3.000000000E0
2.670631948E2	4.485525945E1	-5.639356400E-1	7.492073695E0	9.399999619E0	4.620000076E1	3.216000080E0	3.000000000E0
2.680631950E2	4.485530754E1	-5.638606700E-1	8.639280581E0	8.819999695E0	4.700000000E1	3.216000080E0	3.000000000E0
2.690631950E2	4.485534889E1	-5.637666400E-1	8.174502659E0	8.390000343E0	5.370000076E1	3.216000080E0	3.000000000E0
2.700631948E2	4.485537641E1	-5.636750600E-1	7.204108934E0	8.279999733E0	5.370000076E1	3.216000080E0	3.000000000E0
2.710631949E2	4.485542288E1	-5.635826000E-1	7.215952916E0	8.659999847E0	5.579999924E1	3.216000080E0	3.000000000E0
2.720631945E2	4.485546301E1	-5.634963000E-1	7.039804630E0	8.569999695E0	5.190000153E1	3.216000080E0	3.000000000E0
2.730631937E2	4.485552492E1	-5.634226600E-1	6.186337881E0	8.670000076E0	4.929999924E1	3.216000080E0	3.000000000E0
2.740631936E2	4.485557917E1	-5.633409400E-1	6.592826526E0	8.630000114E0	4.490000153E1	3.216000080E0	3.000000000E0
2.750631935E2	4.485561988E1	-5.632622300E-1	7.018051957E0	8.239999771E0	5.040000153E1	3.216000080E0	3.000000000E0
2.760631942E2	4.485566926E1	-5.631754000E-1	6.927962783E0	8.880000114E0	5.140000153E1	3.216000080E0	3.000000000E0
2.770631937E2	4.485571491E1	-5.630864200E-1	8.289901899E0	8.409999847E0	5.329999924E1	3.216000080E0	3.000000000E0
2.780631934E2	4.485577180E1	-5.630098400E-1	9.131567152E0	8.060000420E0	4.950000000E1	3.216000080E0	3.000000000E0
2.790631934E2	4.485581410E1	-5.629306300E-1	1.012478596E1	7.849999905E0	5.209999847E1	3.216000080E0	3.000000000E0
2.800631935E2	4.485585658E1	-5.628490400E-1	1.036062125E1	7.960000038E0	5.429999924E1	3.216000080E0	3.000000000E0
2.810631939E2	4.485590882E1	-5.627662100E-1	1.174477201E1	8.029999733E0	5.020000076E1	3.216000080E0	3.000000000E0
2.820631938E2	4.485596348E1	-5.626828300E-1	1.145057822E1	8.810000420E0	4.890000153E1	3.216000080E0	3.000000000E0
2.830631942E2	4.485602681E1	-5.626042400E-1	1.177716867E1	9.390000343E0	4.400000000E1	3.216000080E0	3.000000000E0
2.840631937E2	4.485608836E1	-5.625163200E-1	1.149445221E1	9.310000420E0	4.479999924E1	3.216000080E0	3.000000000E0
2.850631946E2	4.485612562E1	-5.624279500E-1	1.017395753E1	8.510000229E0	5.429999924E1	3.216000080E0	3.000000000E0
2.860631945E2	4.485616953E1	-5.623553900E-1	9.033077008E0	8.359999657E0	4.829999924E1	3.216000080E0	3.000000000E0
2.870631944E2	4.485620786E1	-5.622771800E-1	9.238514648E0	7.789999962E0	5.700000000E1	3.216000080E0	3.000000000E0
2.880631934E2	4.485624713E1	-5.621916400E-1	9.574878028E0	8.140000343E0	5.479999924E1	3.216000080E0	3.000000000E0
2.890631950E2	4.485628291E1	-5.620932800E-1	1.020061888E1	8.170000076E0	5.609999847E1	3.216000080E0	3.000000000E0
2.900631936E2	4.485631895E1	-5.619980300E-1	1.046753171E1	8.520000458E0	5.809999847E1	3.216000080E0	3.000000000E0
2.910631935E2	4.485636827E1	-5.619054400E-1	1.025122604E1	8.630000114E0	5.509999847E1	4.288000107E0	3.000000000E0
2.920631940E2	4.485641611E1	-5.618238800E-1	1.147662377E1	8.399999619E0	5.579999924E1	3.216000080E0	3.000000000E0
2.930631943E2	4.485645336E1	-5.617326000E-1	1.000317711E1	8.850000381E0	5.440000153E1	3.216000080E0	3.000000000E0
2.940631944E2	4.485649839E1	-5.616457000E-1	9.445559020E0	8.300000191E0	5.559999847E1	3.216000080E0	3.000000000E0
2.950631943E2	4.485654372E1	-5.615615500E-1	9.184752828E0	8.369999886E0	5.370000076E1	3.216000080E0	3.000000000E0
2.960631120E2	4.485656736E1	-5.614837700E-1	7.912652400E0	8.329999924E0	5.650000000E1	3.216000080E0	3.000000000E0
2.970631945E2	4.485660433E1	-5.614051100E-1	8.562731580E0	7.329999924E0	5.759999847E1	3.216000080E0	3.000000000E0
2.980631946E2	4.485664140E1	-5.613214100E-1	7.800949239E0	8.600000381E0	5.490000153E1	3.216000080E0	3.000000000E0
2.990631945E2	4.485668459E1	-5.612202500E-1	7.432062540E0	8.899999619E0	5.700000000E1	3.216000080E0	4.000000000E0
3.000631948E2	4.485672669E1	-5.611266200E-1	7.473021447E0	8.750000000E0	5.750000000E1	3.216000080E0	4.000000000E0
3.010631946E2	4.485676111E1	-5.610407700E-1	7.873045126E0	7.340000153E0	5.909999847E1	3.216000080E0	4.000000000E0
3.020631949E2	4.485679675E1	-5.609449800E-1	6.911320666E0	8.689999580E0	5.929999924E1	3.216000080E0	4.000000000E0
3.030631939E2	4.485683673E1	-5.608540800E-1	7.080329496E0	8.279999733E0	5.740000153E1	4.288000107E0	4.000000000E0
3.040631940E2	4.485688467E1	-5.607614400E-1	6.867808118E0	8.329999924E0	5.479999924E1	4.288000107E0	4.000000000E0
3.050631941E2	4.485692921E1	-5.606656700E-1	7.079727837E0	9.039999962E0	5.920000076E1	3.216000080E0	4.000000000E0
3.060631931E2	4.485697591E1	-5.605748800E-1	7.100542600E0	8.520000458E0	5.500000000E1	3.216000080E0	4.000000000E0
3.070631949E2	4.485701883E1	-5.604929000E-1	7.595533325E0	8.159999847E0	5.500000000E1	4.288000107E0	4.000000000E0
3.080631932E2	4.485706197E1	-5.603950000E-1	7.929036766E0	8.520000458E0	5.779999924E1	4.288000107E0	4.000000000E0
3.090631943E2	4.485712003E1	-5.603033700E-1	8.171042502E0	9.460000038E0	5.179999924E1	4.288000107E0	4.000000000E0
3.100631935E2	4.485715944E1	-5.602290300E-1	7.910473693E0	7.380000114E0	5.120000076E1	4.288000107E0	4.000000000E0
3.110631935E2	4.485719410E1	-5.601655700E-1	8.388910952E0	6.190000057E0	4.770000076E1	4.288000107E0	4.000000000E0
3.120631938E2	4.485718669E1	-5.601044400E-1	8.631266368E0	5.130000114E0	6.950000000E1	3.216000080E0	3.000000000E0
3.130631949E2	4.485720653E1	-5.600511800E-1	1.004243671E1	4.630000114E0	8.430000305E1	3.216000080E0	3.000000000E0
3.140631932E2	4.485718980E1	-5.600034700E-1	1.103105992E1	4.070000172E0	1.136999969E2	3.216000080E0	3.000000000E0
3.150631951E2	4.485719776E1	-5.599641600E-1	1.142470396E1	3.589999914E0	7.630000305E1	3.216000080E0	3.000000000E0
3.160631947E2	4.485721080E1	-5.599242300E-1	1.181987386E1	3.119999886E0	6.769999695E1	4.288000107E0	4.000000000E0
3.170631947E2	4.485723311E1	-5.599073800E-1	1.300121971E1	2.819999933E0	3.559999847E1	4.288000107E0	4.000000000E0
3.180631942E2	4.485724584E1	-5.598999500E-1	1.329907559E1	1.639999986E0	1.230000019E1	4.288000107E0	4.000000000E0
3.190631938E2	4.485725555E1	-5.599122700E-1	1.307695866E1	2.359999895E0	3.055000000E2	4.288000107E0	4.000000000E0
3.200631942E2	4.485724593E1	-5.599344000E-1	1.219107894E1	2.369999886E0	2.698999939E2	3.216000080E0	4.000000000E0
3.210631937E2	4.485724139E1	-5.599628100E-1	1.099586793E1	2.839999914E0	2.685000000E2	3.216000080E0	4.000000000E0
3.220631931E2	4.485723808E1	-5.599971000E-1	1.131517884E1	3.019999981E0	2.526000061E2	3.216000080E0	4.000000000E0
3.230631948E2	4.485722611E1	-5.600366100E-1	1.076467468E1	3.819999933E0	2.416000061E2	3.216000080E0	4.000000000E0
3.240631943E2	4.485719353E1	-5.601075800E-1	1.154404418E1	5.750000000E0	2.253999939E2	3.216000080E0	4.000000000E0
3.250631933E2	4.485717026E1	-5.601558000E-1	1.208313423E1	4.630000114E0	2.301000061E2	3.216000080E0	4.000000000E0
3.260631942E2	4.485712697E1	-5.601940200E-1	1.149369346E1	6.139999866E0	2.233000031E2	4.288000107E0	4.000000000E0
3.270631948E2	4.485707025E1	-5.602431500E-1	1.186548854E1	6.840000153E0	2.115000000E2	4.288000107E0	4.000000000E0
3.280631938E2	4.485703289E1	-5.603160600E-1	1.175771104E1	6.940000057E0	2.311000061E2	4.288000107E0	4.000000000E0
3.290631938E2	4.485699078E1	-5.604004700E-1	1.189388300E1	7.500000000E0	2.286000061E2	4.288000107E0	4.000000000E0
3.300631944E2	4.485696163E1	-5.605037200E-1	1.176215655E1	8.090000153E0	2.368999939E2	4.288000107E0	4.000000000E0
3.310631942E2	4.485691884E1	-5.606025100E-1	1.168103278E1	8.529999733E0	2.356999969E2	5.360000134E0	4.000000000E0
3.320631933E2	4.485689412E1	-5.606943500E-1	1.097631630E1	7.590000153E0	2.381999969E2	6.432000160E0	6.000000000E0
3.330631931E2	4.485684839E1	-5.607722100E-1	1.108868971E1	7.630000114E0	2.370000000E2	6.432000160E0	6.000000000E0
3.340631954E2	4.485680292E1	-5.608479000E-1	1.062214624E1	7.750000000E0	2.358000031E2	6.432000160E0	6.000000000E0
3.350631942E2	4.485677225E1	-5.609429400E-1	1.040918818E1	7.639999866E0	2.393000031E2	7.504000187E0	6.000000000E0
3.360631945E2	4.485673915E1	-5.610230800E-1	8.664747219E0	8.100000381E0	2.393999939E2	6.432000160E0	6.000000000E0
3.370631941E2	4.485670237E1	-5.611111500E-1	8.017102485E0	8.289999962E0	2.388999939E2	5.360000134E0	6.000000000E0
3.380631950E2	4.485665931E1	-5.612083600E-1	8.077154204E0	8.779999733E0	2.378999939E2	5.360000134E0	6.000000000E0
3.390631952E2	4.485662652E1	-5.613119200E-1	8.886040619E0	9.359999657E0	2.368000031E2	5.360000134E0	6.000000000E0
3.400631948E2	4.485657466E1	-5.614040900E-1	8.980520686E0	9.140000343E0	2.300000000E2	5.360000134E0	6.000000000E0
3.410631942E2	4.485654769E1	-5.615142100E-1	1.061471910E1	9.029999733E0	2.378000031E2	4.288000107E0	6.000000000E0
3.420631942E2	4.485650025E1	-5.616140300E-1	1.039522826E1	9.550000191E0	2.351000061E2	3.216000080E0	6.000000000E0
3.430631941E2	4.485645656E1	-5.617174400E-1	1.120960892E1	9.359999657E0	2.371000061E2	3.216000080E0	6.000000000E0
3.440631948E2	4.485640854E1	-5.618101700E-1	1.254615364E1	9.329999924E0	2.356999969E2	3.216000080E0	6.000000000E0
3.450631941E2	4.485636911E1	-5.619142200E-1	1.251208373E1	9.260000229E0	2.365000000E2	3.216000080E0	4.000000000E0
3.460631949E2	4.485631855E1	-5.620047100E-1	1.274200191E1	9.800000191E0	2.316000061E2	3.216000080E0	4.000000000E0
3.470631949E2	4.485626192E1	-5.620987900E-1	1.305925929E1	9.859999657E0	2.298000031E2	3.216000080E0	4.000000000E0
3.480631946E2	4.485622478E1	-5.621939000E-1	1.252043503E1	9.369999886E0	2.343999939E2	3.216000080E0	4.000000000E0
3.490631940E2	4.485617526E1	-5.622877800E-1	1.266978419E1	9.479999542E0	2.356000061E2	3.216000080E0	4.000000000E0
3.500631945E2	4.485610491E1	-5.623907300E-1	1.423300792E1	1.006000042E1	2.285000000E2	3.216000080E0	4.000000000E0
3.510631941E2	4.485604799E1	-5.624879200E-1	1.473184260E1	9.619999886E0	2.318000031E2	3.216000080E0	4.000000000E0
3.520631948E2	4.485598463E1	-5.625894000E-1	1.488497155E1	1.002999973E1	2.321000061E2	3.216000080E0	6.000000000E0
3.530631947E2	4.485594833E1	-5.626615400E-1	1.269668908E1	9.170000076E0	2.353999939E2	3.216000080E0	6.000000000E0
3.540631952E2	4.485588722E1	-5.627718300E-1	1.245332694E1	9.840000153E0	2.328000031E2	4.288000107E0	6.000000000E0
3.550631929E2	4.485583682E1	-5.628657300E-1	1.393897984E1	9.520000458E0	2.318999939E2	4.288000107E0	6.000000000E0
3.560631942E2	4.485578351E1	-5.629705300E-1	1.472766450E1	1.002000046E1	2.306000061E2	3.216000080E0	6.000000000E0
3.570631936E2	4.485574822E1	-5.630492000E-1	1.288068569E1	9.050000191E0	2.276999969E2	3.216000080E0	6.000000000E0
3.580631940E2	4.485568165E1	-5.631289200E-1	1.180385053E1	9.640000343E0	2.311999969E2	3.216000080E0	4.000000000E0
3.590631941E2	4.485562818E1	-5.632279200E-1	1.130860393E1	9.060000420E0	2.308000031E2	3.216000080E0	6.000000000E0
3.600631943E2	4.485558413E1	-5.633242800E-1	9.463749043E0	9.010000229E0	2.353999939E2	3.216000080E0	4.000000000E0
3.610631934E2	4.485553098E1	-5.634479500E-1	1.293167996E1	1.027999973E1	2.346999969E2	3.216000080E0	4.000000000E0
3.620631936E2	4.485548388E1	-5.635443500E-1	1.269070715E1	9.689999580E0	2.336999969E2	3.216000080E0	6.000000000E0
3.630631934E2	4.485542459E1	-5.636481900E-1	1.229872895E1	1.060000038E1	2.325000000E2	3.216000080E0	4.000000000E0
3.640631935E2	4.485537672E1	-5.637487100E-1	1.385035570E1	9.829999924E0	2.298999939E2	3.216000080E0	4.000000000E0
3.650631940E2	4.485531659E1	-5.638500500E-1	1.351386038E1	1.010999966E1	2.326000061E2	3.216000080E0	4.000000000E0
3.660631945E2	4.485526552E1	-5.639519200E-1	1.464312312E1	9.600000381E0	2.318999939E2	3.216000080E0	4.000000000E0
3.670631944E2	4.485520301E1	-5.640190300E-1	1.243659717E1	9.670000076E0	2.296999969E2	3.216000080E0	4.000000000E0
3.680631943E2	4.485514690E1	-5.640999500E-1	1.221626648E1	9.550000191E0	2.273999939E2	3.216000080E0	4.000000000E0
3.690631948E2	4.485509113E1	-5.641905100E-1	1.119819913E1	9.529999733E0	2.291000061E2	3.216000080E0	4.000000000E0
3.700631938E2	4.485503570E1	-5.642780500E-1	1.139577118E1	9.420000076E0	2.296999969E2	3.216000080E0	4.000000000E0
3.710631951E2	4.485497609E1	-5.643681500E-1	1.120985783E1	9.579999924E0	2.271000061E2	3.216000080E0	3.000000000E0
3.720631938E2	4.485491219E1	-5.644574800E-1	1.159993420E1	1.005000019E1	2.288999939E2	3.216000080E0	3.000000000E0
3.730631941E2	4.485484109E1	-5.645541400E-1	1.008918791E1	9.930000305E0	2.295000000E2	3.216000080E0	4.000000000E0
3.740631950E2	4.485478986E1	-5.646270500E-1	7.564785532E0	9.270000458E0	2.238999939E2	3.216000080E0	4.000000000E0
3.750631950E2	4.485472543E1	-5.647215300E-1	7.175317104E0	1.006000042E1	2.266999969E2	4.288000107E0	6.000000000E0
3.760631951E2	4.485467842E1	-5.648064300E-1	8.562526561E0	9.460000038E0	2.291000061E2	6.432000160E0	4.000000000E0
3.770631946E2	4.485461288E1	-5.649069100E-1	8.229633372E0	1.010999966E1	2.271999969E2	8.576000214E0	4.000000000E0
3.780631944E2	4.485451164E1	-5.650085200E-1	5.890089706E0	9.920000076E0	2.265000000E2	6.432000160E0	6.000000000E0
3.790631937E2	4.485443592E1	-5.650997900E-1	6.141493781E0	1.052999973E1	2.181999969E2	6.432000160E0	6.000000000E0
3.800631940E2	4.485438265E1	-5.651988700E-1	7.346137131E0	9.949999809E0	2.251999969E2	5.360000134E0	6.000000000E0
3.810631942E2	4.485432155E1	-5.652955400E-1	6.669740479E0	9.949999809E0	2.185000000E2	5.360000134E0	6.000000000E0
3.820631935E2	4.485425604E1	-5.653815400E-1	6.564274966E0	1.031999969E1	2.221000061E2	4.288000107E0	6.000000000E0
3.830631934E2	4.485418330E1	-5.654765100E-1	8.477297105E0	1.005000019E1	2.235000000E2	4.288000107E0	6.000000000E0
3.840631934E2	4.485412058E1	-5.655674600E-1	1.015411526E1	9.640000343E0	2.211999969E2	4.288000107E0	4.000000000E0
3.850631945E2	4.485407070E1	-5.656458100E-1	9.598214550E0	9.649999619E0	2.226000061E2	3.216000080E0	4.000000000E0
3.860631950E2	4.485402206E1	-5.657125400E-1	8.889002010E0	1.018000031E1	2.168999939E2	4.288000107E0	6.000000000E0
3.870631937E2	4.485397077E1	-5.657998800E-1	8.085169954E0	9.630000114E0	2.261000061E2	4.288000107E0	6.000000000E0
3.880631942E2	4.485389185E1	-5.658865700E-1	9.160186053E0	1.031999969E1	2.201999969E2	4.288000107E0	6.000000000E0
3.890631943E2	4.485382401E1	-5.659913200E-1	9.257282512E0	1.053999996E1	2.236999969E2	4.288000107E0	6.000000000E0
3.900631938E2	4.485375086E1	-5.660657300E-1	1.064096196E1	9.670000076E0	2.228000031E2	4.288000107E0	4.000000000E0
3.910631945E2	4.485371123E1	-5.661523000E-1	8.436372582E0	9.260000229E0	2.241000061E2	4.288000107E0	6.000000000E0
3.920631935E2	4.485363880E1	-5.662389800E-1	8.477696681E0	9.779999733E0	2.226000061E2	4.288000107E0	4.000000000E0
3.930631902E2	4.485356262E1	-5.663278300E-1	9.027198211E0	1.001000023E1	2.231999969E2	3.216000080E0	4.000000000E0
3.940631943E2	4.485350433E1	-5.664215500E-1	9.539279988E0	9.449999809E0	2.280000000E2	3.216000080E0	4.000000000E0
3.950631945E2	4.485345226E1	-5.664975500E-1	7.744489563E0	9.800000191E0	2.215000000E2	3.216000080E0	4.000000000E0
3.960631940E2	4.485338182E1	-5.665783000E-1	7.182241195E0	9.800000191E0	2.191000061E2	3.216000080E0	4.000000000E0
3.970631940E2	4.485331138E1	-5.666473400E-1	7.381415068E0	9.819999695E0	2.218000031E2	3.216000080E0	4.000000000E0
3.980631946E2	4.485323451E1	-5.667135100E-1	7.919214681E0	9.850000381E0	2.098000031E2	3.216000080E0	4.000000000E0
3.990631948E2	4.485316113E1	-5.667762300E-1	7.787949151E0	9.470000267E0	2.193999939E2	3.216000080E0	4.000000000E0
4.000631933E2	4.485309400E1	-5.668512300E-1	6.434383928E0	9.550000191E0	2.223999939E2	3.216000080E0	4.000000000E0
4.010631940E2	4.485302843E1	-5.669287200E-1	6.968145818E0	9.500000000E0	2.208000031E2	3.216000080E0	4.000000000E0
4.020631929E2	4.485295917E1	-5.670158300E-1	5.667489283E0	9.630000114E0	2.216999969E2	3.216000080E0	4.000000000E0
4.030631934E2	4.485288978E1	-5.671017200E-1	5.375500650E0	9.189999580E0	2.203999939E2	4.288000107E0	4.000000000E0
4.040631938E2	4.485281852E1	-5.672012500E-1	4.556585567E0	9.829999924E0	2.166000061E2	4.288000107E0	4.000000000E0
4.050631933E2	4.485275444E1	-5.672716900E-1	3.895223133E0	9.159999847E0	2.191000061E2	4.288000107E0	4.000000000E0
4.060631942E2	4.485269219E1	-5.673430400E-1	4.351352535E0	9.199999809E0	2.216999969E2	3.216000080E0	4.000000000E0
4.070631942E2	4.485263159E1	-5.674237300E-1	2.675455824E0	8.880000114E0	2.225000000E2	3.216000080E0	4.000000000E0
4.080631941E2	4.485256374E1	-5.675071600E-1	1.363144144E0	9.399999619E0	2.218000031E2	3.216000080E0	4.000000000E0
4.090631941E2	4.485250000E1	-5.675751000E-1	9.399426947E-1	9.380000114E0	2.161000061E2	3.216000080E0	4.000000000E0
4.100631932E2	4.485243191E1	-5.676481600E-1	1.484694375E0	8.949999809E0	2.250000000E2	3.216000080E0	4.000000000E0
4.110631931E2	4.485236075E1	-5.677188000E-1	6.175218454E-1	9.930000305E0	2.151999969E2	3.216000080E0	4.000000000E0
4.120631934E2	4.485229473E1	-5.677823200E-1	-1.650511391E-1	9.600000381E0	2.183999939E2	3.216000080E0	3.000000000E0
4.130631934E2	4.485222238E1	-5.678538900E-1	5.012230037E-1	9.850000381E0	2.146000061E2	3.216000080E0	3.000000000E0
4.140631940E2	4.485214301E1	-5.679192400E-1	2.960424103E-1	9.869999886E0	2.146999969E2	3.216000080E0	4.000000000E0
4.150631948E2	4.485207026E1	-5.679937800E-1	1.131137619E0	9.939999580E0	2.151000061E2	3.216000080E0	3.000000000E0
4.160631942E2	4.485199444E1	-5.680687200E-1	7.542469217E-2	1.015999985E1	2.138000031E2	3.216000080E0	3.000000000E0
4.170631937E2	4.485191820E1	-5.681363600E-1	1.790591232E0	9.939999580E0	2.141999969E2	3.216000080E0	3.000000000E0
4.180631926E2	4.485185046E1	-5.682108000E-1	1.748671898E0	9.819999695E0	2.143000031E2	3.216000080E0	3.000000000E0
4.190631938E2	4.485177963E1	-5.682868600E-1	1.644068526E0	1.032999992E1	2.163999939E2	3.216000080E0	3.000000000E0
4.200631940E2	4.485170730E1	-5.683536100E-1	5.596137841E-1	1.007999992E1	2.173999939E2	3.216000080E0	3.000000000E0
4.210631936E2	4.485165295E1	-5.684289400E-1	9.578781455E-1	9.909999847E0	2.116999969E2	3.216000080E0	4.000000000E0
4.220631932E2	4.485156985E1	-5.685068100E-1	1.643130453E0	1.078999996E1	2.146999969E2	3.216000080E0	4.000000000E0
4.230631932E2	4.485149740E1	-5.685802100E-1	1.217545288E0	9.850000381E0	2.150000000E2	3.216000080E0	3.000000000E0
4.240631936E2	4.485142366E1	-5.686413200E-1	1.571449326E0	9.819999695E0	2.128000031E2	3.216000080E0	3.000000000E0
4.250631932E2	4.485134556E1	-5.687076300E-1	1.774959262E0	9.819999695E0	2.136000061E2	3.216000080E0	3.000000000E0
4.260631932E2	4.485127121E1	-5.687789400E-1	1.714976386E0	1.018000031E1	2.123999939E2	3.216000080E0	4.000000000E0
4.270631938E2	4.485120872E1	-5.688368900E-1	5.228002239E-1	9.859999657E0	2.126000061E2	3.216000080E0	4.000000000E0
4.280631935E2	4.485111422E1	-5.688872600E-1	7.904713565E-1	1.040999985E1	2.080000000E2	3.216000080E0	4.000000000E0
4.290631936E2	4.485103325E1	-5.689426300E-1	2.553987198E0	1.010000038E1	2.096000061E2	3.216000080E0	4.000000000E0
4.300631936E2	4.485094654E1	-5.690087000E-1	2.607168454E0	1.043999958E1	2.101999969E2	3.216000080E0	4.000000000E0
4.310631941E2	4.485085161E1	-5.690626600E-1	3.719746616E0	1.031999969E1	2.086000061E2	3.216000080E0	4.000000000E0
4.320631929E2	4.485077233E1	-5.691309700E-1	4.588660411E0	1.021000004E1	2.095000000E2	3.216000080E0	4.000000000E0
4.330631937E2	4.485069608E1	-5.691899700E-1	4.913208285E0	1.027000046E1	2.103999939E2	3.216000080E0	4.000000000E0
4.340631937E2	4.485060819E1	-5.692417100E-1	4.057464708E0	9.949999809E0	2.090000000E2	3.216000080E0	4.000000000E0
4.350631935E2	4.485052394E1	-5.692992800E-1	3.896113456E0	1.042000008E1	2.071999969E2	3.216000080E0	4.000000000E0
4.360631935E2	4.485044375E1	-5.693716100E-1	3.376413489E0	1.030000019E1	2.076000061E2	3.216000080E0	3.000000000E0
4.370631936E2	4.485035886E1	-5.694342000E-1	2.868317836E0	1.052000046E1	2.068000031E2	3.216000080E0	3.000000000E0
4.380631935E2	4.485026833E1	-5.694944700E-1	2.600519802E0	1.100000000E1	2.045000000E2	3.216000080E0	3.000000000E0
4.390631939E2	4.485017050E1	-5.695590600E-1	2.247147907E0	1.073999977E1	2.058000031E2	3.216000080E0	3.000000000E0
4.400631944E2	4.485008020E1	-5.696075200E-1	3.033740932E0	1.067000008E1	2.043000031E2	3.216000080E0	3.000000000E0
4.410631933E2	4.484999305E1	-5.696768000E-1	2.661260608E0	1.081999969E1	2.058000031E2	3.216000080E0	3.000000000E0
4.420631936E2	4.484989980E1	-5.697494000E-1	2.112020534E0	1.114999962E1	2.061999969E2	3.216000080E0	3.000000000E0
4.430631939E2	4.484981692E1	-5.697972100E-1	1.588493750E0	1.021000004E1	2.033999939E2	3.216000080E0	3.000000000E0
4.440631937E2	4.484973154E1	-5.698518300E-1	1.036824919E0	1.006999969E1	2.006999969E2	3.216000080E0	3.000000000E0
4.450631945E2	4.484963900E1	-5.698890800E-1	2.377381517E0	1.051000023E1	1.961999969E2	3.216000080E0	3.000000000E0
4.460631942E2	4.484954499E1	-5.699219600E-1	2.366256914E0	1.003999996E1	1.961000061E2	3.216000080E0	3.000000000E0
4.470631935E2	4.484945612E1	-5.699565400E-1	2.079312727E0	9.970000267E0	1.956999969E2	3.216000080E0	3.000000000E0
4.480631940E2	4.484936903E1	-5.699815100E-1	4.176103544E0	9.800000191E0	1.960000000E2	3.216000080E0	3.000000000E0
4.490631939E2	4.484927800E1	-5.700197300E-1	3.326473732E0	1.034000015E1	1.953000031E2	3.216000080E0	3.000000000E0
4.500631935E2	4.484917300E1	-5.700504300E-1	3.031233043E0	1.065999985E1	1.946999969E2	3.216000080E0	4.000000000E0
4.510631945E2	4.484909595E1	-5.700844500E-1	3.135157370E0	9.550000191E0	1.970000000E2	3.216000080E0	3.000000000E0
4.520631938E2	4.484901422E1	-5.701231300E-1	2.154483915E0	9.689999580E0	1.973999939E2	3.216000080E0	4.000000000E0
4.530631937E2	4.484893579E1	-5.701531200E-1	2.941821995E0	9.609999657E0	1.983000031E2	3.216000080E0	4.000000000E0
4.540631941E2	4.484885904E1	-5.701903800E-1	2.350553452E0	9.689999580E0	1.973999939E2	3.216000080E0	4.000000000E0
4.550631946E2	4.484876956E1	-5.702339900E-1	2.981266163E0	1.003999996E1	1.956999969E2	3.216000080E0	4.000000000E0
4.560631939E2	4.484866603E1	-5.702451600E-1	2.282536417E0	1.002999973E1	1.946000061E2	3.216000080E0	4.000000000E0
4.570631942E2	4.484858707E1	-5.702798000E-1	3.603379380E0	9.710000038E0	1.961999969E2	3.216000080E0	3.000000000E0
4.580631935E2	4.484850160E1	-5.703049800E-1	2.531773881E0	9.779999733E0	1.965000000E2	3.216000080E0	3.000000000E0
4.590631930E2	4.484841687E1	-5.703435900E-1	3.071730603E0	9.880000114E0	1.941000061E2	3.216000080E0	3.000000000E0
4.600631937E2	4.484833295E1	-5.703763800E-1	3.278927904E0	9.770000458E0	1.941000061E2	3.216000080E0	3.000000000E0
4.610631942E2	4.484825391E1	-5.704105500E-1	4.982034396E0	9.609999657E0	1.956000061E2	3.216000080E0	3.000000000E0
4.620631932E2	4.484816367E1	-5.704405400E-1	4.781580514E0	1.042000008E1	1.933999939E2	3.216000080E0	3.000000000E0
4.630631933E2	4.484807849E1	-5.704699800E-1	4.266490367E0	1.030000019E1	1.928999939E2	3.216000080E0	3.000000000E0
4.640631935E2	4.484798965E1	-5.704919200E-1	4.934145368E0	1.011999989E1	1.908000031E2	3.216000080E0	3.000000000E0
4.650631931E2	4.484789690E1	-5.705360300E-1	5.860451223E0	1.010000038E1	1.868000031E2	3.216000080E0	4.000000000E0
4.660631935E2	4.484780358E1	-5.705696700E-1	7.442770764E0	9.960000038E0	1.905000000E2	3.216000080E0	3.000000000E0
4.670631949E2	4.484770891E1	-5.705963000E-1	7.289072681E0	1.006000042E1	1.893999939E2	3.216000080E0	3.000000000E0
4.680631937E2	4.484762015E1	-5.706079800E-1	6.421090761E0	1.017000008E1	1.860000000E2	3.216000080E0	3.000000000E0
4.690631938E2	4.484752758E1	-5.706259300E-1	6.316898455E0	1.010999966E1	1.875000000E2	3.216000080E0	3.000000000E0
4.700631940E2	4.484743419E1	-5.706360600E-1	6.309818966E0	1.056000042E1	1.881999969E2	3.216000080E0	4.000000000E0
4.710631930E2	4.484734341E1	-5.706554800E-1	5.501951093E0	1.035999966E1	1.878000031E2	3.216000080E0	4.000000000E0
4.720631943E2	4.484725399E1	-5.706739100E-1	6.777702000E0	1.032999992E1	1.863999939E2	3.216000080E0	4.000000000E0
4.730631937E2	4.484716908E1	-5.706713300E-1	5.659730342E0	9.750000000E0	1.853999939E2	3.216000080E0	3.000000000E0
4.740631933E2	4.484707396E1	-5.706776900E-1	5.514226069E0	1.022999954E1	1.843999939E2	3.216000080E0	3.000000000E0
4.750631946E2	4.484697542E1	-5.706860100E-1	5.739570245E0	1.059000015E1	1.840000000E2	3.216000080E0	3.000000000E0
4.760631940E2	4.484688723E1	-5.706919100E-1	7.014842077E0	1.061999989E1	1.805000000E2	3.216000080E0	3.000000000E0
4.770631930E2	4.484679014E1	-5.706874100E-1	7.015586284E0	1.069999981E1	1.788000031E2	3.216000080E0	3.000000000E0
4.780631936E2	4.484669330E1	-5.706882100E-1	7.535369497E0	1.068999958E1	1.791000061E2	3.216000080E0	3.000000000E0
4.790631944E2	4.484660065E1	-5.706833800E-1	7.098430459E0	1.050000000E1	1.781000061E2	3.216000080E0	3.000000000E0
4.800631941E2	4.484650722E1	-5.706748900E-1	7.052607493E0	1.027000046E1	1.768999939E2	3.216000080E0	3.000000000E0
4.810631927E2	4.484641625E1	-5.706783100E-1	6.912170962E0	1.015999985E1	1.778999939E2	3.216000080E0	3.000000000E0
4.820631937E2	4.484631929E1	-5.706701400E-1	8.145767010E0	1.047999954E1	1.753999939E2	3.216000080E0	3.000000000E0
4.830631943E2	4.484623148E1	-5.706625900E-1	7.459989245E0	1.018000031E1	1.741999969E2	3.216000080E0	3.000000000E0
4.840631937E2	4.484613895E1	-5.706515700E-1	8.089338983E0	1.022000027E1	1.741999969E2	3.216000080E0	3.000000000E0
4.850631943E2	4.484604752E1	-5.706340800E-1	7.956852621E0	1.039999962E1	1.738999939E2	3.216000080E0	4.000000000E0
4.860631943E2	4.484596466E1	-5.706089300E-1	8.127471801E0	9.340000153E0	1.711999969E2	3.216000080E0	4.000000000E0
4.870631940E2	4.484586771E1	-5.705906800E-1	6.968253089E0	1.052999973E1	1.718999939E2	3.216000080E0	4.000000000E0
4.880631937E2	4.484576309E1	-5.705768300E-1	6.937327670E0	1.076000023E1	1.731000061E2	3.216000080E0	3.000000000E0
4.890631940E2	4.484566887E1	-5.705518300E-1	6.666663552E0	1.023999977E1	1.698999939E2	3.216000080E0	3.000000000E0
4.900631934E2	4.484557461E1	-5.705326100E-1	7.144347188E0	1.032999992E1	1.730000000E2	3.216000080E0	3.000000000E0
4.910631940E2	4.484547953E1	-5.705124100E-1	9.543723522E0	1.031000042E1	1.703000031E2	3.216000080E0	3.000000000E0
4.920631937E2	4.484539127E1	-5.704794400E-1	9.013421269E0	1.060000038E1	1.691999969E2	3.216000080E0	3.000000000E0
4.930631946E2	4.484529932E1	-5.704484100E-1	8.701928932E0	1.040999985E1	1.666000061E2	3.216000080E0	4.000000000E0
4.940631939E2	4.484520631E1	-5.704156800E-1	7.790767544E0	1.053999996E1	1.671000061E2	3.216000080E0	4.000000000E0
4.950631943E2	4.484510770E1	-5.704024300E-1	7.514540875E0	1.055000019E1	1.716999969E2	3.216000080E0	3.000000000E0
4.960631937E2	4.484501368E1	-5.703733200E-1	7.080549737E0	1.075000000E1	1.693999939E2	3.216000080E0	3.000000000E0
4.970631941E2	4.484491686E1	-5.703520300E-1	7.012397749E0	1.064999962E1	1.693000031E2	3.216000080E0	3.000000000E0
4.980631940E2	4.484482070E1	-5.703303400E-1	7.232026765E0	1.089999962E1	1.695000000E2	3.216000080E0	3.000000000E0
4.990631949E2	4.484473492E1	-5.703153200E-1	7.054799327E0	1.027999973E1	1.708000031E2	3.216000080E0	3.000000000E0
5.000631942E2	4.484463811E1	-5.702981200E-1	7.622569591E0	1.053999996E1	1.708999939E2	3.216000080E0	3.000000000E0
5.010631949E2	4.484454375E1	-5.702658100E-1	7.591351872E0	1.039999962E1	1.688999939E2	3.216000080E0	3.000000000E0
5.020631928E2	4.484445384E1	-5.702434000E-1	7.493476005E0	1.022999954E1	1.693999939E2	3.216000080E0	3.000000000E0
5.030631940E2	4.484436120E1	-5.702308200E-1	7.485619911E0	1.086999989E1	1.708999939E2	3.216000080E0	3.000000000E0
5.040631934E2	4.484427333E1	-5.702069100E-1	6.825855339E0	1.032999992E1	1.698000031E2	3.216000080E0	3.000000000E0
5.050631935E2	4.484418965E1	-5.701970800E-1	8.290286457E0	1.051000023E1	1.703999939E2	3.216000080E0	3.000000000E0
5.060631942E2	4.484409229E1	-5.701513000E-1	6.522811957E0	1.071000004E1	1.678000031E2	3.216000080E0	3.000000000E0
5.070631938E2	4.484399984E1	-5.701303200E-1	7.436715040E0	1.061999989E1	1.680000000E2	3.216000080E0	3.000000000E0
5.080631937E2	4.484390120E1	-5.701050700E-1	6.588231710E0	1.080000019E1	1.683000031E2	3.216000080E0	3.000000000E0
5.090631944E2	4.484379209E1	-5.700673100E-1	5.850110179E0	1.143000031E1	1.676000061E2	3.216000080E0	3.000000000E0
5.100631932E2	4.484369883E1	-5.700363200E-1	6.415143846E0	1.086999989E1	1.681000061E2	3.216000080E0	3.000000000E0
5.110631938E2	4.484360743E1	-5.700163100E-1	4.827581280E0	1.046000004E1	1.681000061E2	3.216000080E0	3.000000000E0
5.120631935E2	4.484351143E1	-5.699874600E-1	5.240880197E0	1.085999966E1	1.673000031E2	3.216000080E0	3.000000000E0
5.130631933E2	4.484342003E1	-5.699730500E-1	4.789482895E0	1.080000019E1	1.696999969E2	3.216000080E0	3.000000000E0
5.140631942E2	4.484332021E1	-5.699509100E-1	5.381182911E0	1.105000019E1	1.695000000E2	3.216000080E0	3.000000000E0
5.150631942E2	4.484322175E1	-5.699223100E-1	4.663805594E0	1.097999954E1	1.678000031E2	3.216000080E0	3.000000000E0
5.160631947E2	4.484312905E1	-5.698923200E-1	5.153460063E0	1.102999973E1	1.680000000E2	3.216000080E0	3.000000000E0
5.170631931E2	4.484303163E1	-5.698689400E-1	5.743207675E0	1.098999977E1	1.733999939E2	3.216000080E0	3.000000000E0
5.180631933E2	4.484293954E1	-5.698516000E-1	5.818607060E0	1.118999958E1	1.736999969E2	3.216000080E0	3.000000000E0
5.190631937E2	4.484284609E1	-5.698412100E-1	6.054645915E0	1.046000004E1	1.738999939E2	3.216000080E0	3.000000000E0
5.200631935E2	4.484275077E1	-5.698053800E-1	5.536248335E0	1.107999992E1	1.648999939E2	3.216000080E0	3.000000000E0
5.210631941E2	4.484265520E1	-5.697744500E-1	6.028467244E0	1.097999954E1	1.685000000E2	3.216000080E0	3.000000000E0
5.220631928E2	4.484256004E1	-5.697523500E-1	5.959156097E0	1.059000015E1	1.688000031E2	3.216000080E0	3.000000000E0
5.230631930E2	4.484246970E1	-5.697204600E-1	6.444356227E0	1.069999981E1	1.675000000E2	3.216000080E0	3.000000000E0
5.240631946E2	4.484236796E1	-5.696797600E-1	6.641294883E0	1.110999966E1	1.628999939E2	3.216000080E0	3.000000000E0
5.250631934E2	4.484227592E1	-5.696336800E-1	7.511820692E0	1.077000046E1	1.603000031E2	3.216000080E0	3.000000000E0
5.260631936E2	4.484218306E1	-5.695867100E-1	6.605919018E0	1.040999985E1	1.611999969E2	3.216000080E0	3.000000000E0
5.270631935E2	4.484208843E1	-5.695440600E-1	6.489259886E0	1.069999981E1	1.625000000E2	3.216000080E0	3.000000000E0
5.280631937E2	4.484199877E1	-5.695295900E-1	7.664449419E0	1.034000015E1	1.691000061E2	3.216000080E0	3.000000000E0
5.290631940E2	4.484190491E1	-5.694973800E-1	8.342765348E0	1.034000015E1	1.638999939E2	3.216000080E0	3.000000000E0
5.300631947E2	4.484181609E1	-5.694574800E-1	7.284392240E0	1.035999966E1	1.625000000E2	3.216000080E0	3.000000000E0
5.310631944E2	4.484172960E1	-5.694185200E-1	6.609807292E0	9.739999771E0	1.628000031E2	3.216000080E0	3.000000000E0
5.320631946E2	4.484164107E1	-5.693779400E-1	7.649640238E0	1.002000046E1	1.626999969E2	3.216000080E0	3.000000000E0
5.330631941E2	4.484157504E1	-5.693463200E-1	7.513561213E0	9.149999619E0	1.630000000E2	3.216000080E0	3.000000000E0
5.340631935E2	4.484147582E1	-5.693061700E-1	7.263721929E0	1.068999958E1	1.635000000E2	3.216000080E0	3.000000000E0
5.350631945E2	4.484139326E1	-5.692763700E-1	8.493060478E0	1.025000000E1	1.635000000E2	3.216000080E0	3.000000000E0
5.360631949E2	4.484130606E1	-5.692407100E-1	8.750602051E0	1.059000015E1	1.620000000E2	3.216000080E0	3.000000000E0
5.370630213E2	4.484120438E1	-5.691904000E-1	8.376319891E0	1.038000011E1	1.616000061E2	3.216000080E0	3.000000000E0
5.380631935E2	4.484111075E1	-5.691519200E-1	6.919203495E0	1.044999981E1	1.625000000E2	3.216000080E0	3.000000000E0
5.390631934E2	4.484101914E1	-5.690996500E-1	7.397216846E0	1.035999966E1	1.613000031E2	3.216000080E0	3.000000000E0
5.400631945E2	4.484093295E1	-5.690649200E-1	7.428378255E0	9.899999619E0	1.633999939E2	3.216000080E0	3.000000000E0
5.410631944E2	4.484085106E1	-5.690299600E-1	8.719854403E0	9.899999619E0	1.606999969E2	3.216000080E0	3.000000000E0
5.420631936E2	4.484076754E1	-5.689832600E-1	8.443102157E0	1.001000023E1	1.603000031E2	3.216000080E0	3.000000000E0
5.430631931E2	4.484068102E1	-5.689291700E-1	8.549839580E0	1.034000015E1	1.591999969E2	3.216000080E0	3.000000000E0
5.440631942E2	4.484059785E1	-5.688834700E-1	1.072840883E1	1.039000034E1	1.581000061E2	3.216000080E0	3.000000000E0
5.450631942E2	4.484050768E1	-5.688438400E-1	1.161516508E1	1.040999985E1	1.570000000E2	3.216000080E0	3.000000000E0
5.460631940E2	4.484041819E1	-5.687839200E-1	1.178568887E1	1.036999989E1	1.565000000E2	3.216000080E0	4.000000000E0
5.470631929E2	4.484033265E1	-5.687313700E-1	1.172195388E1	1.069999981E1	1.533999939E2	3.216000080E0	3.000000000E0
5.480631930E2	4.484024483E1	-5.686766400E-1	1.080232473E1	1.021000004E1	1.503000031E2	3.216000080E0	4.000000000E0
5.490631934E2	4.484015940E1	-5.686111800E-1	1.069215163E1	1.042000008E1	1.508000031E2	3.216000080E0	3.000000000E0
5.500631938E2	4.484007640E1	-5.685424100E-1	8.797434898E0	9.890000343E0	1.533999939E2	3.216000080E0	3.000000000E0
5.510631948E2	4.483999217E1	-5.684903700E-1	1.002660715E1	1.043000031E1	1.538999939E2	3.216000080E0	3.000000000E0
5.520631942E2	4.483990537E1	-5.684335400E-1	1.011210645E1	1.038000011E1	1.536000061E2	3.216000080E0	3.000000000E0
5.530631945E2	4.483982795E1	-5.683611700E-1	9.835922199E0	1.035000038E1	1.498999939E2	3.216000080E0	3.000000000E0
5.540631946E2	4.483975036E1	-5.682824500E-1	8.813282753E0	1.067000008E1	1.493000031E2	3.216000080E0	3.000000000E0
5.550631943E2	4.483967318E1	-5.682085000E-1	8.353444889E0	1.010000038E1	1.513000031E2	3.216000080E0	3.000000000E0
5.560631932E2	4.483958776E1	-5.681465200E-1	7.009626646E0	1.030000019E1	1.506000061E2	3.216000080E0	3.000000000E0
5.570631942E2	4.483950240E1	-5.680781100E-1	6.318767308E0	1.034000015E1	1.503999939E2	3.216000080E0	3.000000000E0
5.580631933E2	4.483942316E1	-5.680109100E-1	6.921180458E0	1.009000015E1	1.493000031E2	3.216000080E0	3.000000000E0
5.590631941E2	4.483934009E1	-5.679510100E-1	7.359159785E0	1.031000042E1	1.521000061E2	3.216000080E0	3.000000000E0
5.600631930E2	4.483926972E1	-5.678919500E-1	6.656695474E0	1.006000042E1	1.481999969E2	3.216000080E0	3.000000000E0
5.610631934E2	4.483919351E1	-5.678007400E-1	6.171296722E0	1.027000046E1	1.406999969E2	3.216000080E0	3.000000000E0
5.620631936E2	4.483912129E1	-5.677206700E-1	7.750342425E0	1.015999985E1	1.428999939E2	3.216000080E0	3.000000000E0
5.630631945E2	4.483905173E1	-5.676461100E-1	7.594886710E0	9.939999580E0	1.465000000E2	3.216000080E0	3.000000000E0
5.640631934E2	4.483898254E1	-5.675783700E-1	6.323153897E0	9.920000076E0	1.501000061E2	3.216000080E0	3.000000000E0
5.650631937E2	4.483890099E1	-5.675195800E-1	5.930138637E0	9.899999619E0	1.531000061E2	3.216000080E0	3.000000000E0
5.660631943E2	4.483882795E1	-5.674659700E-1	6.432199324E0	9.609999657E0	1.478000031E2	3.216000080E0	3.000000000E0
5.670631932E2	4.483875487E1	-5.674036500E-1	7.041444262E0	9.890000343E0	1.493999939E2	3.216000080E0	3.000000000E0
5.680631933E2	4.483868199E1	-5.673405900E-1	6.669732710E0	9.739999771E0	1.468000031E2	3.216000080E0	3.000000000E0
5.690631935E2	4.483860528E1	-5.672700900E-1	6.549980187E0	9.930000305E0	1.453000031E2	3.216000080E0	3.000000000E0
5.700631947E2	4.483853427E1	-5.671998400E-1	6.905934985E0	9.470000267E0	1.463999939E2	3.216000080E0	3.000000000E0
5.710631934E2	4.483846244E1	-5.671250800E-1	7.787589033E0	1.034000015E1	1.443999939E2	3.216000080E0	3.000000000E0
5.720631935E2	4.483839306E1	-5.670376500E-1	7.835206931E0	1.050000000E1	1.381999969E2	3.216000080E0	3.000000000E0
5.730631935E2	4.483831817E1	-5.669540900E-1	7.930735028E0	1.061999989E1	1.428000031E2	3.216000080E0	3.000000000E0
5.740631937E2	4.483824573E1	-5.668624400E-1	7.993309977E0	1.069999981E1	1.370000000E2	3.216000080E0	3.000000000E0
5.750631937E2	4.483816723E1	-5.667896800E-1	9.748559335E0	1.119999981E1	1.456000061E2	3.216000080E0	3.000000000E0
5.760631936E2	4.483809522E1	-5.666968300E-1	9.194924218E0	1.096000004E1	1.388000031E2	3.216000080E0	3.000000000E0
5.770631928E2	4.483801809E1	-5.666135600E-1	1.091716130E1	1.119999981E1	1.400000000E2	3.216000080E0	3.000000000E0
5.780631950E2	4.483794634E1	-5.665363800E-1	1.143761114E1	1.119999981E1	1.381000061E2	3.216000080E0	3.000000000E0
5.790631946E2	4.483788013E1	-5.664389800E-1	1.199530705E1	1.102999973E1	1.341000061E2	3.216000080E0	3.000000000E0
5.800631929E2	4.483780950E1	-5.663488700E-1	1.355165514E1	1.075000000E1	1.426000061E2	3.216000080E0	4.000000000E0
5.810631934E2	4.483773370E1	-5.662654600E-1	1.329220278E1	1.075000000E1	1.385000000E2	3.216000080E0	3.000000000E0
5.820631944E2	4.483766448E1	-5.661832000E-1	1.390951901E1	1.035000038E1	1.401999969E2	3.216000080E0	3.000000000E0
5.830631943E2	4.483759149E1	-5.660883700E-1	1.294542407E1	1.072999954E1	1.381999969E2	3.216000080E0	3.000000000E0
5.840631941E2	4.483750728E1	-5.659882800E-1	1.193390977E1	1.077000046E1	1.396999969E2	3.216000080E0	3.000000000E0
5.850631936E2	4.483743342E1	-5.658852000E-1	1.162448418E1	1.056999969E1	1.353999939E2	3.216000080E0	3.000000000E0
5.860631937E2	4.483735404E1	-5.658008200E-1	1.182365107E1	1.039999962E1	1.421000061E2	3.216000080E0	3.000000000E0
5.870631945E2	4.483728063E1	-5.657158000E-1	1.185454398E1	1.013000011E1	1.423999939E2	3.216000080E0	3.000000000E0
5.880631935E2	4.483721396E1	-5.656361200E-1	1.230443865E1	8.890000343E0	1.355000000E2	3.216000080E0	3.000000000E0
5.890631938E2	4.483715806E1	-5.655626400E-1	1.312426180E1	8.760000229E0	1.381999969E2	3.216000080E0	3.000000000E0
5.900631937E2	4.483710706E1	-5.654829700E-1	1.307220194E1	8.600000381E0	1.346000061E2	3.216000080E0	3.000000000E0
5.910631937E2	4.483707898E1	-5.654104500E-1	1.381914592E1	6.449999809E0	1.243000031E2	3.216000080E0	3.000000000E0
5.920631934E2	4.483706208E1	-5.653466600E-1	1.350480307E1	4.610000134E0	1.229000015E2	3.216000080E0	3.000000000E0
5.930631934E2	4.483703500E1	-5.653312400E-1	1.356652358E1	2.859999895E0	1.478999939E2	3.216000080E0	3.000000000E0
5.940631946E2	4.483706045E1	-5.653441200E-1	1.452763227E1	2.000000030E-1	1.225000000E2	3.216000080E0	3.000000000E0
5.950631940E2	4.483705825E1	-5.653442100E-1	1.363255183E1	0.000000000E0	0.000000000E0	3.216000080E0	3.000000000E0
