secs,cad,hr,km,kph,nm,watts,alt,lon,lat,headwind,slope,temp,interval,lrbalance,lte,rte,lps,rps,smo2,thb,o2hb,hhb
1,0,116,0.00118,4.6368,0,0,18.4,-0.56542433,44.83710511,0,-16.9492,8,0,-255,0,0,0,0,0,0,0,0
2,0,116,0.00289,7.3224,0,0,18.2,-0.56544512,44.83710972,0,-11.6959,8,0,-255,0,0,0,0,0,0,0,0
3,0,116,0.00548,11.2536,0,0,17.2,-0.56547630,44.83711726,0,-38.61,8,0,-255,0,0,0,0,0,0,0,0
4,0,116,0.00908,14.6124,0,0,16,-0.56551552,44.83713386,0,-33.3333,8,0,-255,0,0,0,0,0,0,0,0
5,0,116,0.01368,17.838,0,0,16,-0.56556079,44.83716001,0,0,8,0,-255,0,0,0,0,0,0,0,0
6,0,117,0.0194,22.4064,0,0,15.8,-0.56561099,44.83719714,0,-3.4965,8,0,58,0,0,0,0,0,0,0,0
7,59,118,0.02628,26.0316,0,565,15.8,-0.56566766,44.83724417,0,0,8,0,52,98.5,87,30,20.5,0,0,0,0
8,70,119,0.03407,28.62,0,554,15.6,-0.56573245,44.83729697,0,-2.56739,8,0,52,98.5,87,30,20.5,0,0,0,0
9,79,120,0.04255,31.14,0,537,15.2,-0.56580193,44.83735506,0,-4.71698,8,0,54,96.5,97.5,26.5,30,0,0,0,0
10,79,123,0.05167,33.3216,0,371,14.6,-0.56587754,44.83741700,0,-11.7948,8,0,52,87.5,96.5,22.5,27.5,0,0,0,0
11,76,124,0.06109,33.1884,0,371,14.2,-0.56595633,44.83748062,0,-10.5245,8,0,52,87.5,96.5,22.5,27.5,0,0,0,0
12,73,126,0.07054,33.624,0,97,14,-0.56603453,44.83754499,0,-9.56659,8,0,37,43,96.5,9.5,27.5,0,0,0,0
13,76,129,0.08023,34.902,0,271,13.4,-0.56611466,44.83761096,0,-6.32478,8,0,49,75.5,85,22.5,22,0,0,0,0
14,78,131,0.09022,35.7732,0,324,12.6,-0.56619630,44.83767952,0,-3.79225,8,0,57,79,85,22.5,22,0,0,0,0
15,80,133,0.10051,36.9504,0,296,12,-0.56627979,44.83775060,0,-4.37534,8,0,60,85,73.5,23,23.5,0,0,0,0
16,83,136,0.11122,38.898,0,424,11.6,-0.56636696,44.83782436,0,-4.39917,8,0,60,85,73.5,23,23.5,0,0,0,0
17,88,137,0.12241,40.4748,0,434,11.2,-0.56645731,44.83790189,0,-4.75663,8,0,56,83.5,72,23,21.5,0,0,0,0
18,53,139,0.13376,40.2408,0,75,10.6,-0.56654859,44.83798068,0,-5.02853,8,0,54,83,83,22.5,24.5,0,0,0,0
19,53,141,0.14517,40.644,0,194,10.6,-0.56664180,44.83805905,0,-4.55683,8,0,52,55.5,62,15.5,14,0,0,0,0
20,90,143,0.15661,40.7772,0,194,10,-0.56673685,44.83813667,0,-4.42341,8,0,48,50,62,14,14,0,0,0,0
21,91,144,0.16789,39.7368,0,139,9.4,-0.56682955,44.83821387,0,-4.5307,8,0,48,50,62,14,14,0,0,0,0
22,91,145,0.17884,38.4948,0,0,9.2,-0.56691706,44.83829023,0,-4.5017,8,0,57,53,62,14.5,14,0,0,0,0
23,91,146,0.18939,36.8496,0,0,9,-0.56700147,44.83836374,0,-4.07208,8,0,57,53,62,14.5,14,0,0,0,0
24,0,146,0.19948,35.4384,0,0,9,-0.56708160,44.83843448,0,-3.27128,8,0,-255,0,0,0,0,0,0,0,0
25,0,146,0.20916,33.9264,0,0,9,-0.56715746,44.83850288,0,-2.68819,8,0,-255,0,0,0,0,0,0,0,0
26,11,146,0.21867,33.9948,0,6,9.2,-0.56723340,44.83856918,0,-2.1044,8,0,-255,0,0,0,0,0,0,0,0
27,76,146,0.22827,34.6644,0,361,9.6,-0.56730682,44.83863807,0,-1.33028,8,0,67,32,52,6.5,14,0,0,0,0
28,78,146,0.23806,35.4708,0,404,9.6,-0.56737379,44.83871217,0,-0.801641,8,0,50,80,70.5,22,12.5,0,0,0,0
29,78,146,0.24804,35.9424,0,367,9.8,-0.56743674,44.83879004,0,-0.60124,8,0,54,82.5,91.5,22,27,0,0,0,0
30,80,146,0.25807,35.9748,0,367,10,-0.56750069,44.83886799,0,0.122637,8,0,54,82.5,91.5,22,27,0,0,0,0
31,80,146,0.2681,35.7732,0,307,10,-0.56756674,44.83894510,0,0.654552,8,0,44,64,83,16.5,25,0,0,0,0
32,80,146,0.27811,35.8416,0,323,9.4,-0.56763204,44.83902222,0,0.2378,8,0,53,71.5,70.5,19.5,21,0,0,0,0
33,80,146,0.28817,36.0432,0,344,9,-0.56769650,44.83910034,0,0.0297593,8,0,55,80.5,77.5,23,24,0,0,0,0
34,80,147,0.29818,35.7084,0,344,7.6,-0.56776548,44.83917594,0,-1.36884,8,0,51,77,81,21.5,25,0,0,0,0
35,81,147,0.30823,36.108,0,363,7.4,-0.56784276,44.83924769,0,-1.56785,8,0,51,77,81,21.5,25,0,0,0,0
36,81,148,0.3184,36.378,0,360,7.8,-0.56791912,44.83932154,0,-1.38484,8,0,47,74,78.5,20.5,23.5,0,0,0,0
37,81,149,0.32844,36.2448,0,333,7.8,-0.56798416,44.83939924,0,-1.80151,8,0,50,80,81.5,23,25.5,0,0,0,0
38,81,150,0.33857,36.1764,0,353,7.8,-0.56804334,44.83948004,0,-1.80151,8,0,56,82,80.5,23,24,0,0,0,0
39,81,151,0.34862,35.9424,0,353,7.4,-0.56810277,44.83956000,0,-2.39992,8,0,53,82,80.5,23,24,0,0,0,0
40,80,152,0.35857,35.5716,0,318,7.4,-0.56816353,44.83963845,0,-2.59932,8,0,53,82,80.5,23,24,0,0,0,0
41,85,153,0.36847,35.4384,0,300,7.4,-0.56822623,44.83971557,0,-2.59932,8,0,62,87,82.5,24,23,0,0,0,0
42,84,154,0.37833,35.1684,0,319,7.4,-0.56829035,44.83979168,0,-1.99992,8,0,59,83,75,22.5,17.5,0,0,0,0
43,84,155,0.38813,35.1684,0,346,7.6,-0.56835062,44.83986871,0,-1.39822,8,0,57,80.5,80.5,24.5,22,0,0,0,0
44,84,156,0.39789,34.9668,0,311,8,-0.56840812,44.83994649,0,0.410216,8,0,56,82.5,82,25,24,0,0,0,0
45,84,157,0.40766,34.9668,0,341,8.4,-0.56846696,44.84002377,0,1.01864,8,0,56,82.5,82,25,24,0,0,0,0
46,84,158,0.41739,34.902,0,322,8.4,-0.56852521,44.84010088,0,0.625324,8,0,56,84.5,79,24.5,22.5,0,0,0,0
47,84,159,0.42709,34.9668,0,376,8.8,-0.56858154,44.84017850,0,1.0377,8,0,54,79.5,79,23.5,24.5,0,0,0,0
48,84,160,0.43686,35.2044,0,371,9,-0.56863753,44.84025679,0,1.2424,8,0,51,80.5,83.5,22.5,25.5,0,0,0,0
49,84,161,0.44669,35.4384,0,379,9,-0.56869302,44.84033600,0,1.64041,8,0,51,80.5,83.5,22.5,25.5,0,0,0,0
50,85,161,0.45658,35.64,0,374,9.4,-0.56874775,44.84041596,0,2.04486,8,0,53,80.5,83.5,21,25.5,0,0,0,0
51,85,162,0.4665,35.7408,0,335,9.4,-0.56879997,44.84049718,0,2.04486,8,0,51,84.5,82.5,25,24.5,0,0,0,0
52,85,162,0.47645,35.5716,0,301,9.6,-0.56884800,44.84057999,0,2.24587,8,0,54,84,82.5,23.5,24.5,0,0,0,0
53,85,163,0.48637,35.7084,0,301,9.6,-0.56889494,44.84066272,0,2.04179,8,0,56,80.5,81.5,23.5,23,0,0,0,0
54,85,163,0.49633,35.7084,0,378,9.4,-0.56894037,44.84074629,0,1.43115,8,0,56,80.5,81.5,23.5,23,0,0,0,0
55,85,163,0.50627,35.6076,0,401,9,-0.56898655,44.84082952,0,0.619316,8,0,55,96.5,78,32,22.5,0,0,0,0
56,85,164,0.51615,35.3052,0,371,8.8,-0.56903089,44.84091267,0,0.416887,8,0,49,88,93,29.5,29.5,0,0,0,0
57,85,164,0.52597,34.902,0,361,8.4,-0.56907238,44.84099599,0,-0.402817,8,0,52,85.5,93,25,29.5,0,0,0,0
58,84,164,0.53564,34.4304,0,361,8.4,-0.56911027,44.84107872,0,-0.607525,8,0,49,76,89.5,19.5,28,0,0,0,0
59,83,165,0.5452,33.858,0,369,8,-0.56914765,44.84116052,0,-1.02593,8,0,49,76,89.5,19.5,28,0,0,0,0
60,82,165,0.55476,33.9948,0,369,8,-0.56918504,44.84124233,0,-1.43038,8,0,51,78.5,83,22,24,0,0,0,0
61,81,165,0.56425,33.7248,0,424,7.6,-0.56922091,44.84132381,0,-1.85188,8,0,54,80.5,83.5,19.5,22,0,0,0,0
62,81,165,0.57364,33.6924,0,406,7.6,-0.56925645,44.84140444,0,-2.05289,8,0,57,82,79,23.5,23,0,0,0,0
63,81,166,0.58294,32.85,0,394,7.4,-0.56928948,44.84148474,0,-2.26794,8,0,52,80,81.5,20,21,0,0,0,0
64,79,166,0.59204,32.2452,0,394,7.2,-0.56932066,44.84156361,0,-2.28692,8,0,54,80,81.5,20,21,0,0,0,0
65,76,166,0.60095,31.374,0,412,7.2,-0.56935192,44.84164064,0,-1.8845,8,0,54,82.5,82.5,22.5,21,0,0,0,0
66,75,167,0.60973,31.3416,0,415,7.2,-0.56938461,44.84171616,0,-1.68207,8,0,54,83.5,81.5,23,23,0,0,0,0
67,75,167,0.61848,31.2732,0,415,7.2,-0.56941789,44.84179126,0,-1.27474,8,0,54,85.5,81.5,23.5,23,0,0,0,0
68,75,167,0.62732,31.842,0,415,7,-0.56945024,44.84186737,0,-1.50098,8,0,54,85.5,81.5,23.5,23,0,0,0,0
69,77,168,0.63626,32.4144,0,388,7.2,-0.56948259,44.84194448,0,-0.858861,8,0,54,85.5,87.5,21.5,26.5,0,0,0,0
70,77,169,0.64519,31.9428,0,332,7.2,-0.56951646,44.84202118,0,-0.858861,8,0,54,81.5,86.5,24.5,25,0,0,0,0
71,78,169,0.65408,32.0796,0,305,7.2,-0.56955108,44.84209729,0,-0.437365,8,0,46,84.5,86,25,22,0,0,0,0
72,84,170,0.66301,32.2452,0,255,6.8,-0.56958569,44.84217373,0,-0.885293,8,0,62,84.5,86,25,22,0,0,0,0
73,87,170,0.672,32.5836,0,303,6,-0.56961897,44.84225109,0,-1.56012,8,0,54,84.5,86,25,22,0,0,0,0
74,87,170,0.68102,32.4828,0,300,6.2,-0.56964948,44.84232930,0,-1.11861,8,0,54,85.5,76,25.5,20.5,0,0,0,0
75,88,171,0.69008,32.4828,0,305,7.2,-0.56967747,44.84240834,0,-0.0148544,8,0,53,81.5,76,24,20.5,0,0,0,0
76,88,171,0.69918,32.6844,0,286,8.2,-0.56970396,44.84248805,0,1.08405,8,0,56,83.5,80,25,21.5,0,0,0,0
77,89,172,0.70826,32.6844,0,290,8.6,-0.56972718,44.84256810,0,1.52458,8,0,53,81.5,82.5,23.5,24,0,0,0,0
78,89,172,0.71744,32.7852,0,255,8.8,-0.56974780,44.84264940,0,1.96868,8,0,57,81.5,82.5,23.5,24,0,0,0,0
79,89,172,0.72661,32.8176,0,254,9,-0.56976758,44.84273071,0,1.96307,8,0,57,76,84.5,20.5,25,0,0,0,0
80,89,173,0.7358,33.0192,0,303,9,-0.56978636,44.84281226,0,1.96307,8,0,57,84.5,71.5,25,19,0,0,0,0
81,89,172,0.74497,32.7492,0,284,9,-0.56980471,44.84289382,0,1.96307,8,0,53,83.5,86.5,22,24,0,0,0,0
82,89,173,0.7541,32.7852,0,277,9,-0.56982399,44.84297479,0,2.411,8,0,55,81.5,85,24,24,0,0,0,0
83,88,173,0.76316,32.4828,0,259,9,-0.56984277,44.84305517,0,3.30088,8,0,58,81.5,85,24,24,0,0,0,0
84,88,173,0.77218,32.3136,0,286,9,-0.56985945,44.84313555,0,3.07915,8,0,58,83,80,24.5,23,0,0,0,0
85,87,173,0.78111,31.8096,0,284,8.8,-0.56987629,44.84321493,0,1.75143,8,0,52,85,85,24.5,24.5,0,0,0,0
86,87,173,0.78987,31.2048,0,305,8.8,-0.56989498,44.84329271,0,0.652532,8,0,52,85,85,24.5,24.5,0,0,0,0
87,85,173,0.79852,30.9708,0,305,8.8,-0.56991560,44.84336916,0,0.212003,8,0,51,85,85,24.5,24.5,0,0,0,0
88,83,174,0.80705,30.5676,0,305,8.6,-0.56993664,44.84344443,0,-0.240328,8,0,51,84.5,85.5,24.5,26,0,0,0,0
89,82,174,0.81553,30.4668,0,316,8.6,-0.56995827,44.84351911,0,-0.458431,8,0,51,85.5,87.5,25,25.5,0,0,0,0
90,82,174,0.82395,30.1644,0,315,8.4,-0.56998031,44.84359329,0,-0.69596,8,0,51,85.5,87.5,25,25.5,0,0,0,0
91,82,173,0.83233,30.132,0,339,8.4,-0.57000202,44.84366705,0,-0.69596,8,0,49,93.5,82.5,26,24.5,0,0,0,0
92,81,174,0.84071,30.096,0,315,8.4,-0.57002180,44.84374115,0,-0.69596,8,0,50,93.5,82.5,26,24.5,0,0,0,0
93,81,174,0.84908,30.132,0,315,8.4,-0.57004066,44.84381533,0,-0.69596,8,0,50,92,95,27.5,27.5,0,0,0,0
94,82,174,0.85749,30.1644,0,353,8.2,-0.57006061,44.84388959,0,-0.933773,8,0,51,87,93,25.5,24.5,0,0,0,0
95,82,174,0.86593,30.2652,0,332,8.4,-0.57008115,44.84396419,0,-0.472842,8,0,52,90,95,27,28.5,0,0,0,0
96,82,174,0.87437,30.096,0,303,8.4,-0.57010059,44.84403887,0,-0.472842,8,0,50,91.5,90.5,25.5,26.5,0,0,0,0
97,82,174,0.88276,30.096,0,303,8.4,-0.57011945,44.84411313,0,-0.472842,8,0,52,91.5,90.5,25.5,26.5,0,0,0,0
98,90,174,0.89118,29.9952,0,297,8.4,-0.57013940,44.84418757,0,-0.238375,8,0,52,88,86.5,27,24.5,0,0,0,0
99,90,175,0.89951,29.6604,0,284,8.4,-0.57016052,44.84426099,0,-0.238375,8,0,52,79,92.5,21.5,28,0,0,0,0
100,89,175,0.9077,29.358,0,279,8.4,-0.57018114,44.84433324,0,0,8,0,52,80.5,78.5,24,23,0,0,0,0
101,89,175,0.91586,29.1564,0,254,8.4,-0.57020159,44.84440524,0,0,8,0,55,81.5,83.5,23.5,25,0,0,0,0
102,88,175,0.92396,28.8216,0,286,8.4,-0.57022071,44.84447683,0,0,8,0,51,81.5,83.5,23.5,25,0,0,0,0
103,87,175,0.93195,28.584,0,284,8.6,-0.57023806,44.84454765,0,0.249468,8,0,51,84,83.5,23,25,0,0,0,0
104,86,175,0.93986,28.35,0,266,8.8,-0.57025591,44.84461772,0,0.740124,8,0,54,85.5,85.5,25,25,0,0,0,0
105,86,175,0.94777,28.6848,0,230,8.8,-0.57027343,44.84468780,0,0.503157,8,0,57,79.5,83,22.5,23,0,0,0,0
106,87,175,0.95574,28.854,0,228,8.6,-0.57029153,44.84475837,0,0.252216,8,0,51,79.5,83,22.5,23,0,0,0,0
107,87,176,0.96373,28.7856,0,236,8.6,-0.57030997,44.84482903,0,0.252216,8,0,51,75,71.5,19,19.5,0,0,0,0
108,88,176,0.97175,28.9224,0,280,8.6,-0.57032665,44.84490020,0,0.252216,8,0,55,75,71.5,19,19.5,0,0,0,0
109,88,176,0.97979,29.0556,0,292,8.6,-0.57034434,44.84497152,0,0.252216,8,0,52,84.5,82.5,23,24.5,0,0,0,0
110,87,175,0.98783,28.7532,0,282,8.4,-0.57036202,44.84504277,0,0,8,0,52,81.5,82,21.5,23.5,0,0,0,0
111,87,176,0.99579,28.5516,0,280,8.2,-0.57037870,44.84511335,0,-0.247796,8,0,52,81.5,82,21.5,23.5,0,0,0,0
112,87,175,1.00375,28.7856,0,361,8.4,-0.57039656,44.84518392,0,0,8,0,52,79.5,82,23.5,23.5,0,0,0,0
113,87,175,1.01169,28.2816,0,327,8.6,-0.57041399,44.84525425,0,0,8,0,50,83.5,81.5,24.5,24,0,0,0,0
114,86,175,1.01942,27.846,0,292,8.8,-0.57042640,44.84532323,0,0.0109241,8,0,52,87,87,25.5,22.5,0,0,0,0
115,86,175,1.02693,26.604,0,268,9,-0.57043713,44.84539045,0,0.277236,8,0,48,81,87,25,22.5,0,0,0,0
116,87,176,1.03435,27.0072,0,268,9,-0.57045012,44.84545659,0,0.528177,8,0,50,81,87,25,22.5,0,0,0,0
117,86,175,1.04163,25.9308,0,245,9,-0.57046403,44.84552129,0,0.528177,8,0,50,78,88,21.5,25.5,0,0,0,0
118,86,175,1.04896,27.2772,0,269,9.2,-0.57047535,44.84558684,0,0.801028,8,0,53,78.5,80,23,22.5,0,0,0,0
119,86,176,1.0562,25.2936,0,256,9.2,-0.57048532,44.84565155,0,0.801028,8,0,53,84,74.5,24.5,20.5,0,0,0,0
120,86,176,1.06368,27.8136,0,226,9,-0.57049764,44.84571835,0,0.782405,8,0,54,77.5,81,22.5,23,0,0,0,0
121,86,176,1.07153,28.0152,0,252,9.2,-0.57051256,44.84578817,0,1.28844,8,0,54,77.5,81,22.5,23,0,0,0,0
122,86,176,1.07933,27.8136,0,244,9.4,-0.57052505,44.84585774,0,1.29359,8,0,54,77.5,81,22.5,23,0,0,0,0
123,86,176,1.08693,27.6444,0,244,9.4,-0.57053503,44.84592581,0,1.0417,8,0,55,81.5,77,23.5,21,0,0,0,0
124,86,176,1.09432,26.0676,0,232,9.4,-0.57054198,44.84599211,0,0.782971,8,0,53,78,79.5,22.5,21,0,0,0,0
125,87,177,1.10187,27.8136,0,230,9.4,-0.57054802,44.84605991,0,0.516659,8,0,58,77.5,79.5,21.5,21,0,0,0,0
126,87,177,1.10975,28.62,0,240,9.2,-0.57055741,44.84613057,0,0.262852,8,0,51,77.5,79.5,21.5,21,0,0,0,0
127,87,177,1.11765,28.7208,0,218,9,-0.57056696,44.84620132,0,0,8,0,51,76.5,74.5,22.5,20,0,0,0,0
128,87,177,1.12573,29.358,0,255,9,-0.57057434,44.84627390,0,-0.263164,8,0,52,74.5,76,20.5,20.5,0,0,0,0
129,87,177,1.13317,26.1324,0,266,8.8,-0.57058440,44.84634046,0,-0.531981,8,0,53,82,76,23,21,0,0,0,0
130,87,177,1.14078,27.9792,0,264,8.8,-0.57059630,44.84640844,0,-0.264602,8,0,55,79,82.5,21,22.5,0,0,0,0
131,88,176,1.14883,29.088,0,250,8.8,-0.57060753,44.84648043,0,-0.519379,8,0,53,79,82.5,21,22.5,0,0,0,0
132,89,176,1.15701,29.124,0,247,9,-0.57061692,44.84655386,0,-0.53129,8,0,53,76,77,21.5,18.5,0,0,0,0
133,89,176,1.16522,29.4264,0,244,9,-0.57062337,44.84662762,0,-0.53129,8,0,53,78.5,76.5,21.5,20,0,0,0,0
134,89,176,1.17347,29.3904,0,223,9,-0.57062781,44.84670189,0,-0.53129,8,0,54,71,75,17,20.5,0,0,0,0
135,89,176,1.18166,28.7208,0,227,9,-0.57063108,44.84677556,0,-0.53129,8,0,54,71.5,71.5,20,18.5,0,0,0,0
136,88,176,1.18978,29.0232,0,256,9,-0.57063117,44.84684865,0,-0.277483,8,0,52,71.5,71.5,20,18.5,0,0,0,0
137,87,177,1.19785,28.7532,0,223,9,-0.57063167,44.84692132,0,-0.0243184,8,0,52,80,77,23,22,0,0,0,0
138,87,177,1.206,28.9872,0,256,9,-0.57062890,44.84699475,0,-0.0243184,8,0,52,75.5,73,21.5,19.5,0,0,0,0
139,88,177,1.21422,29.088,0,248,8.8,-0.57062446,44.84706859,0,0,8,0,52,83,76,24,21,0,0,0,0
140,88,176,1.22235,29.2248,0,227,8.8,-0.57062111,44.84714185,0,0,8,0,54,83,76,24,21,0,0,0,0
141,89,176,1.23062,29.2572,0,227,8.8,-0.57061130,44.84721595,0,0,8,0,56,83,76,24,21,0,0,0,0
142,89,176,1.23892,29.628,0,269,8.8,-0.57059856,44.84729013,0,-0.243309,8,0,56,75.5,75.5,22,19,0,0,0,0
143,89,176,1.24722,29.4912,0,247,8.6,-0.57059010,44.84736456,0,-0.484273,8,0,46,73.5,83.5,20,24,0,0,0,0
144,89,176,1.25544,29.5596,0,237,8.6,-0.57058138,44.84743832,0,-0.484273,8,0,53,74,74.5,19,20.5,0,0,0,0
145,89,176,1.2638,29.4912,0,223,8.6,-0.57056872,44.84751300,0,-0.484273,8,0,54,74,74.5,19,20.5,0,0,0,0
146,90,176,1.27219,29.7288,0,243,8.6,-0.57055615,44.84758802,0,-0.484273,8,0,54,73.5,70,20.5,19,0,0,0,0
147,90,176,1.28069,29.8944,0,233,8.8,-0.57054224,44.84766388,0,-0.248979,8,0,53,79,72.5,21.5,18.5,0,0,0,0
148,90,176,1.28913,29.8944,0,245,9,-0.57052882,44.84773923,0,-0.0120119,8,0,57,75,72.5,20.5,18.5,0,0,0,0
149,90,176,1.29758,29.9304,0,220,9,-0.57051516,44.84781467,0,0.231297,8,0,54,74,70.5,20,18,0,0,0,0
150,90,176,1.30597,29.862,0,223,9,-0.57049898,44.84788926,0,0.231297,8,0,57,74,70.5,20,18,0,0,0,0
151,90,175,1.31442,29.7612,0,246,9,-0.57048071,44.84796420,0,0.231297,8,0,57,74,69,20.5,18.5,0,0,0,0
152,89,176,1.32273,29.4912,0,251,9,-0.57046311,44.84803796,0,0.231297,8,0,54,77.5,69,21,17.5,0,0,0,0
153,89,176,1.33104,29.4912,0,269,9,-0.57044526,44.84811164,0,0.472261,8,0,51,81,70.5,21.5,20,0,0,0,0
154,89,175,1.33936,29.5272,0,285,9,-0.57042707,44.84818540,0,0.472261,8,0,53,78,81,22.5,21.5,0,0,0,0
155,89,175,1.34769,29.6928,0,285,9.2,-0.57040854,44.84825916,0,0.712357,8,0,53,78,81,22.5,21.5,0,0,0,0
156,90,175,1.35603,29.4912,0,297,9.2,-0.57038876,44.84833292,0,0.712357,8,0,53,83,81,25,21.5,0,0,0,0
157,89,175,1.36431,29.4912,0,254,9.4,-0.57036714,44.84840584,0,0.718609,8,0,50,80,81,22,20.5,0,0,0,0
158,89,176,1.37259,29.358,0,233,9.2,-0.57034384,44.84847851,0,0.240096,8,0,52,78,78.5,21.5,21,0,0,0,0
159,89,176,1.3809,29.4912,0,233,9.4,-0.57031819,44.84855102,0,0.48077,8,0,52,77,72.5,19.5,19,0,0,0,0
160,89,175,1.38921,29.3904,0,230,9.6,-0.57029078,44.84862319,0,0.721444,8,0,58,77,72.5,19.5,19,0,0,0,0
161,90,175,1.39751,29.8296,0,240,9.8,-0.57026077,44.84869477,0,0.962408,8,0,58,75.5,73.5,21.5,19.5,0,0,0,0
162,90,175,1.40582,29.7288,0,288,9.8,-0.57023060,44.84876643,0,0.962408,8,0,52,72.5,65.5,20.5,16.5,0,0,0,0
163,90,175,1.41422,30.096,0,265,9.6,-0.57020428,44.84883969,0,0.724312,8,0,57,74,72,21.5,17.5,0,0,0,0
164,90,175,1.4227,30.2328,0,242,10,-0.57017326,44.84891295,0,1.19601,8,0,54,74,72,21.5,17.5,0,0,0,0
165,91,175,1.43126,30.2328,0,278,10.2,-0.57013622,44.84898537,0,1.18956,8,0,54,69.5,72,18,17.5,0,0,0,0
166,91,175,1.43983,30.366,0,221,10.4,-0.57010269,44.84905871,0,1.42293,8,0,56,71,64.5,20.5,17,0,0,0,0
167,91,175,1.44825,30.1644,0,265,10.4,-0.57007268,44.84913138,0,1.18139,8,0,54,71,64.5,20.5,17,0,0,0,0
168,91,175,1.45673,30.096,0,279,10.6,-0.57004393,44.84920489,0,1.65878,8,0,52,74.5,66,21,18.5,0,0,0,0
169,91,175,1.46527,30.3336,0,279,10.8,-0.57001443,44.84927882,0,1.6523,8,0,43,74.5,66,21,18.5,0,0,0,0
170,92,175,1.4738,30.4668,0,237,11,-0.56998392,44.84935249,0,1.64609,8,0,43,71.5,78.5,16.5,21,0,0,0,0
171,92,175,1.48243,30.4668,0,215,11,-0.56995207,44.84942676,0,1.40513,8,0,53,72.5,69,19,20,0,0,0,0
172,92,176,1.49094,30.096,0,227,10.4,-0.56992038,44.84949993,0,0.700075,8,0,54,70.5,69,18,18,0,0,0,0
173,92,175,1.49926,28.9224,0,250,9.8,-0.56988820,44.84957118,0,0.217016,8,0,54,72,69,22,18,0,0,0,0
174,93,175,1.50756,29.8944,0,250,9.4,-0.56985634,44.84964242,0,-0.73661,8,0,47,72,69,22,18,0,0,0,0
175,94,175,1.51602,30.87,0,265,9.2,-0.56982726,44.84971568,0,-1.20666,8,0,47,74,61.5,20.5,17.5,0,0,0,0
176,93,175,1.52456,30.636,0,229,9.2,-0.56979516,44.84978902,0,-1.44003,8,0,52,72.5,61.5,19,17.5,0,0,0,0
177,92,175,1.53313,30.4992,0,214,9.4,-0.56975601,44.84986102,0,-1.20666,8,0,54,77,69,21.5,17.5,0,0,0,0
178,92,175,1.5416,30.132,0,235,9.4,-0.56971570,44.84993160,0,-1.44251,8,0,54,68.5,68.5,18,18.5,0,0,0,0
179,91,175,1.5497,29.9304,0,235,9.6,-0.56967504,44.84999849,0,-1.42979,8,0,54,68.5,68.5,18,18.5,0,0,0,0
180,90,175,1.55792,29.592,0,227,9.4,-0.56963263,44.85006605,0,-1.90756,8,0,54,74,59.5,21,15,0,0,0,0
181,90,175,1.56618,29.592,0,235,9.2,-0.56959005,44.85013394,0,-2.14969,8,0,57,78,64,22.5,17.5,0,0,0,0
182,90,175,1.57434,29.592,0,244,9.2,-0.56954655,44.85020058,0,-1.44464,8,0,52,78.5,72,21.5,19,0,0,0,0
183,89,175,1.58247,29.2572,0,244,8.6,-0.56950137,44.85026629,0,-1.4615,8,0,56,78.5,72,21.5,19,0,0,0,0
184,88,175,1.59052,29.0556,0,252,8.2,-0.56945602,44.85033108,0,-1.47646,8,0,56,79,74,21.5,19.5,0,0,0,0
185,86,174,1.59842,28.2168,0,250,8.2,-0.56941051,44.85039445,0,-1.24006,8,0,61,79.5,74,22,18.5,0,0,0,0
186,75,174,1.60605,27.612,0,195,8.6,-0.56935770,44.85045212,0,-0.715809,8,0,54,79.5,65.5,23,17,0,0,0,0
187,75,175,1.61361,27.378,0,290,9,-0.56929945,44.85050618,0,-0.420081,8,0,58,70,75,17.5,20.5,0,0,0,0
188,85,174,1.62129,28.1484,0,290,9,-0.56924505,44.85056343,0,-0.420081,8,0,51,70,75,17.5,20.5,0,0,0,0
189,86,174,1.62917,28.5192,0,253,9,-0.56919241,44.85062369,0,-0.666995,8,0,51,80,79.5,23,23,0,0,0,0
190,87,174,1.63726,29.2248,0,234,9.2,-0.56913927,44.85068589,0,-0.176467,8,0,59,76.5,80,20.5,22,0,0,0,0
191,88,174,1.64528,28.6848,0,244,9.4,-0.56908538,44.85074708,0,0.31504,8,0,56,75.5,64.5,21,17,0,0,0,0
192,88,174,1.65336,29.3256,0,238,9.8,-0.56903048,44.85080843,0,0.81009,8,0,53,75.5,71.5,21.5,18.5,0,0,0,0
193,89,173,1.66162,29.6928,0,238,10,-0.56897406,44.85087096,0,1.79023,8,0,53,74,67.5,19,17,0,0,0,0
194,89,173,1.66992,29.7612,0,229,10,-0.56891564,44.85093299,0,2.28712,8,0,53,74,67.5,19,17,0,0,0,0
195,84,173,1.67829,30.096,0,240,10,-0.56885588,44.85099518,0,2.28712,7,0,54,76.5,64,20.5,15,0,0,0,0
196,82,173,1.68668,30.366,0,271,10.4,-0.56879754,44.85105830,0,2.23963,7,0,51,80,68,22,20,0,0,0,0
197,82,174,1.69521,30.9708,0,254,10.4,-0.56873929,44.85112292,0,1.71053,7,0,54,80,81,22.5,22.5,0,0,0,0
198,83,173,1.70381,30.4668,0,254,9.8,-0.56868070,44.85118805,0,1.01286,7,0,54,79,76,21.5,19.5,0,0,0,0
199,83,173,1.71237,30.9024,0,268,9.2,-0.56862320,44.85125334,0,0.311925,7,0,54,79,76,21.5,19.5,0,0,0,0
200,83,174,1.72095,30.4668,0,288,8.6,-0.56856536,44.85131864,0,-0.634595,7,0,53,83,75.5,22.5,20.5,0,0,0,0
201,83,173,1.72949,30.2652,0,288,8.6,-0.56850736,44.85138351,0,-0.883971,7,0,53,83,75.5,22.5,20.5,0,0,0,0
202,83,173,1.73786,30.0636,0,288,8.2,-0.56845003,44.85144680,0,-1.85692,7,0,53,84.5,77,23.5,22.5,0,0,0,0
203,82,174,1.74628,30.2976,0,294,7.4,-0.56839270,44.85151067,0,-3.04917,7,0,53,84.5,77,23.5,22.5,0,0,0,0
204,82,174,1.75469,30.2328,0,314,7.6,-0.56833503,44.85157428,0,-2.81136,7,0,52,82.5,81,22,22,0,0,0,0
205,83,173,1.76316,30.366,0,292,7.6,-0.56827753,44.85163858,0,-2.81136,7,0,51,79,87,22,25,0,0,0,0
206,83,174,1.77164,30.5352,0,290,8,-0.56822137,44.85170362,0,-2.81642,7,0,53,82.5,77,23.5,22,0,0,0,0
207,83,174,1.7802,30.8016,0,290,8.6,-0.56816471,44.85176925,0,-2.11548,7,0,53,85,77.5,24,21.5,0,0,0,0
208,83,173,1.78876,31.0392,0,279,9,-0.56810863,44.85183513,0,-0.950517,7,0,53,85,77.5,24,21.5,0,0,0,0
209,84,174,1.79741,31.0716,0,299,9.2,-0.56805373,44.85190252,0,-0.0183683,7,0,55,83,79,23.5,22.5,0,0,0,0
210,84,174,1.80602,31.14,0,309,9.4,-0.56799715,44.85196874,0,0.91322,7,0,54,85.5,80,24.5,23.5,0,0,0,0
211,84,173,1.81473,31.4748,0,311,9.2,-0.56793856,44.85203504,0,0.683599,7,0,54,85.5,80,24.5,23.5,0,0,0,0
212,85,173,1.82345,31.14,0,311,8.8,-0.56787914,44.85210117,0,0.702781,7,0,54,84.5,79.5,23.5,22,0,0,0,0
213,84,173,1.83206,30.8016,0,314,8.6,-0.56782105,44.85216672,0,1.42061,7,0,54,84.5,79.5,23.5,22,0,0,0,0
214,83,174,1.84059,30.6,0,300,8.6,-0.56776045,44.85223025,0,1.1828,7,0,53,83,76,23,20,0,0,0,0
215,84,174,1.84913,30.9708,0,306,8.4,-0.56769641,44.85229211,0,0.948608,7,0,53,87,80.5,25,23,0,0,0,0
216,84,174,1.8578,31.0392,0,272,8.6,-0.56763338,44.85235598,0,0.70759,7,0,51,83,80,23,22,0,0,0,0
217,84,174,1.86645,30.9384,0,272,8.4,-0.56757471,44.85242170,0,-0.224559,7,0,55,80.5,81,22.5,22.5,0,0,0,0
218,84,174,1.87491,30.1968,0,279,8.4,-0.56751779,44.85248615,0,-0.691848,7,0,55,80.5,81,22.5,22.5,0,0,0,0
219,84,174,1.88339,31.0032,0,265,8.8,-0.56745652,44.85254893,0,-0.451364,7,0,52,81,76.5,20.5,22,0,0,0,0
220,84,174,1.89193,30.9384,0,279,9,-0.56738913,44.85260903,0,-0.44946,7,0,53,80,77.5,23.5,20,0,0,0,0
221,84,174,1.90048,30.9708,0,279,9,-0.56731830,44.85266720,0,-0.219839,7,0,53,83.5,74,24.5,21.5,0,0,0,0
222,83,174,1.90908,30.6684,0,255,8.8,-0.56724815,44.85272638,0,0,7,0,53,83.5,74,24.5,21.5,0,0,0,0
223,83,175,1.91763,30.4344,0,284,8.8,-0.56718067,44.85278648,0,0.238607,7,0,51,75,71,19,21,0,0,0,0
224,83,175,1.92604,30.0312,0,285,8.8,-0.56711454,44.85284574,0,0.238607,7,0,55,74,69.5,19.5,20,0,0,0,0
225,82,174,1.93444,30.096,0,265,8.8,-0.56704816,44.85290474,0,0.472799,7,0,48,74,75,20.5,20,0,0,0,0
226,81,175,1.94271,29.2896,0,284,9,-0.56698252,44.85296275,0,0.483956,7,0,50,77.5,74.5,21.5,20.5,0,0,0,0
227,81,175,1.95094,29.9952,0,293,9.2,-0.56691715,44.85302033,0,0.958183,7,0,50,77.5,74.5,21.5,20.5,0,0,0,0
228,80,174,1.9591,29.2248,0,269,10,-0.56685185,44.85307724,0,1.93858,7,0,48,74,76.5,19,20.5,0,0,0,0
229,80,174,1.96719,28.6524,0,267,10.6,-0.56678630,44.85313315,0,2.20853,7,0,50,72,80,18.5,18,0,0,0,0
230,79,174,1.97529,29.4264,0,267,10.4,-0.56672084,44.85318923,0,1.72743,7,0,50,72,80,18.5,18,0,0,0,0
231,80,174,1.98358,29.8296,0,290,10.2,-0.56665739,44.85324865,0,1.48617,7,0,54,80,77,23,21,0,0,0,0
232,81,175,1.992,29.9628,0,284,9.8,-0.56659394,44.85330959,0,1.24367,7,0,54,80,77,23,21,0,0,0,0
233,81,174,2.00038,30.1644,0,246,9.6,-0.56652772,44.85336852,0,1.00501,7,0,57,83.5,81.5,23,22,0,0,0,0
234,82,174,2.00878,30.2328,0,268,9.4,-0.56645840,44.85342585,0,0.766914,7,0,54,80,71.5,21,18,0,0,0,0
235,82,174,2.01721,30.4668,0,252,9.4,-0.56638624,44.85348167,0,0.766914,7,0,52,80,71.5,21.5,18,0,0,0,0
236,82,174,2.02575,30.9384,0,252,9.6,-0.56631180,44.85353733,0,0.759268,7,0,54,79,79,23,20.5,0,0,0,0
237,83,175,2.03439,30.8016,0,278,9.6,-0.56623754,44.85359441,0,0.516254,7,0,54,79,79,23,20.5,0,0,0,0
238,84,174,2.04295,31.0716,0,263,9.6,-0.56616537,44.85365182,0,-0.464138,7,0,53,81.5,80.5,22,21,0,0,0,0
239,84,174,2.05169,30.87,0,263,9.6,-0.56609178,44.85371050,0,-1.20579,7,0,52,78,76.5,21.5,20.5,0,0,0,0
240,84,175,2.06029,30.9384,0,254,9.6,-0.56601844,44.85376775,0,-0.958881,7,0,50,79.5,80.5,22.5,21.5,0,0,0,0
241,83,174,2.06893,30.7692,0,245,9.6,-0.56594602,44.85382592,0,-0.717626,7,0,50,79.5,80.5,22.5,21.5,0,0,0,0
242,83,174,2.07752,30.7008,0,237,9.6,-0.56587276,44.85388308,0,-0.242567,7,0,54,77,77.5,21,20.5,0,0,0,0
243,83,175,2.08607,30.4992,0,230,9.8,-0.56579959,44.85393974,0,0.230015,7,0,59,76.5,74,20,20,0,0,0,0
244,83,174,2.09458,30.4992,0,260,9.8,-0.56572532,44.85399523,0,0.46811,7,0,59,78,70,21,18,0,0,0,0
245,83,174,2.10305,30.5676,0,260,10,-0.56564963,44.85404921,0,0.704238,7,0,59,79,70,20.5,18,0,0,0,0
246,82,174,2.11156,30.4344,0,248,9.8,-0.56557587,44.85410495,0,0.235028,7,0,59,79,70,20.5,18,0,0,0,0
247,82,174,2.12005,30.4992,0,242,10,-0.56550203,44.85416035,0,0.470599,7,0,53,79,80.5,20,20,0,0,0,0
248,83,174,2.12854,30.7692,0,268,10,-0.56542793,44.85421567,0,0.470599,7,0,56,82,77.5,21.5,21.5,0,0,0,0
249,83,174,2.13719,30.9384,0,277,10,-0.56535224,44.85427192,0,0.470599,7,0,54,82.5,76,22,21,0,0,0,0
250,84,174,2.14589,31.1724,0,262,10,-0.56527639,44.85432866,0,0.470599,7,0,53,76.5,76,19.5,21,0,0,0,0
251,84,174,2.15465,31.4064,0,231,9.8,-0.56520204,44.85438708,0,0.242289,7,0,53,76.5,76,19.5,21,0,0,0,0
252,85,174,2.16342,31.374,0,239,9.6,-0.56512828,44.85444609,0,0.0142386,7,0,56,75,68,19.5,18.5,0,0,0,0
253,84,174,2.17212,30.9384,0,270,9,-0.56505301,44.85450326,0,-0.909335,7,0,55,80,69.5,22,18,0,0,0,0
254,84,174,2.18074,30.6684,0,244,8.2,-0.56497682,44.85455866,0,-1.83741,7,0,54,83.5,72,24,20.5,0,0,0,0
255,83,174,2.18918,29.8944,0,244,7.8,-0.56489996,44.85461147,0,-2.54747,7,0,56,81,79.5,22,21.5,0,0,0,0
256,82,174,2.19763,30.2328,0,251,7.6,-0.56482217,44.85466369,0,-2.54914,7,0,56,81,79.5,22,21.5,0,0,0,0
257,81,174,2.20607,30.2652,0,270,7.4,-0.56474523,44.85471633,0,-3.02168,7,0,52,81.5,75.5,23.5,20,0,0,0,0
258,82,175,2.21463,30.2328,0,252,7.6,-0.56466878,44.85477089,0,-2.78803,7,0,51,86,82,24.5,23,0,0,0,0
259,82,174,2.22299,30.6,0,267,7.6,-0.56459578,44.85482537,0,-2.78803,7,0,53,80.5,88,22.5,23.5,0,0,0,0
260,83,174,2.23143,30.9384,0,254,7.8,-0.56451783,44.85487726,0,-2.55107,7,0,54,80.5,88,22.5,23.5,0,0,0,0
261,83,174,2.23993,30.87,0,245,8,-0.56443962,44.85492990,0,-2.08746,7,0,57,80.5,88,22.5,23.5,0,0,0,0
262,84,174,2.24849,31.0032,0,287,8.2,-0.56435756,44.85498010,0,-1.62577,7,0,57,78.5,75.5,21,20,0,0,0,0
263,84,174,2.25702,31.0032,0,286,8.2,-0.56427450,44.85502914,0,-0.93611,7,0,52,81,70,25,18.5,0,0,0,0
264,83,174,2.26557,30.7008,0,252,8.2,-0.56419143,44.85507834,0,0,7,0,50,75,70,21.5,18.5,0,0,0,0
265,83,174,2.27336,30.1968,0,235,8.2,-0.56411675,44.85512419,0,0.465897,7,0,55,78,68.5,22,20,0,0,0,0
266,83,174,2.28096,28.116,0,235,8.2,-0.56403847,44.85516383,0,0.702584,7,0,57,78,68.5,22,20,0,0,0,0
267,83,174,2.28925,30.9384,0,235,8.2,-0.56395875,44.85521237,0,0.939551,7,0,57,77.5,74.5,21,20,0,0,0,0
268,84,174,2.29769,30.7368,0,211,8.2,-0.56387804,44.85526207,0,0.705906,7,0,51,74.5,68.5,20,17.5,0,0,0,0
269,84,174,2.30624,30.5676,0,215,8.6,-0.56379430,44.85531085,0,1.17374,7,0,50,71.5,73.5,19.5,22.5,0,0,0,0
270,84,174,2.31486,31.0032,0,206,9,-0.56370906,44.85535913,0,1.40081,7,0,53,74.5,71,19,17,0,0,0,0
271,83,173,2.32341,30.636,0,206,9.4,-0.56362457,44.85540741,0,1.63335,7,0,52,74.5,71,19,17,0,0,0,0
272,83,173,2.33192,30.6684,0,223,9.6,-0.56353907,44.85545393,0,1.63473,7,0,52,74.5,74,20.5,19,0,0,0,0
273,83,173,2.34054,30.8016,0,277,9.8,-0.56345492,44.85550330,0,1.86675,7,0,58,82,72,22.5,19,0,0,0,0
274,83,173,2.3491,30.3336,0,249,9.8,-0.56337529,44.85555552,0,1.86675,7,0,56,82.5,79.5,23,22,0,0,0,0
275,83,173,2.35758,30.366,0,236,9.8,-0.56329784,44.85560833,0,1.86675,7,0,52,81.5,80,22,21,0,0,0,0
276,83,173,2.36621,30.7368,0,236,9.8,-0.56321469,44.85565879,0,1.86675,7,0,58,81.5,80,22,21,0,0,0,0
277,84,173,2.37484,30.4668,0,243,9.6,-0.56312811,44.85570614,0,1.635,7,0,58,82,76,22.5,19.5,0,0,0,0
278,83,173,2.3833,29.9304,0,253,9.4,-0.56304253,44.85575191,0,1.39859,7,0,52,80,72,22,19.5,0,0,0,0
279,83,172,2.39147,28.584,0,231,9.4,-0.56295963,44.85579575,0,0.930753,7,0,51,78.5,80,19.5,22,0,0,0,0
280,83,173,2.39972,30.096,0,231,9.2,-0.56287539,44.85583967,0,0.224292,7,0,53,78.5,80,19.5,22,0,0,0,0
281,83,173,2.40819,29.9304,0,215,9,-0.56278990,44.85588552,0,-0.479672,7,0,53,80,75,21,19,0,0,0,0
282,82,173,2.41671,30.366,0,215,9,-0.56270490,44.85593279,0,-0.71469,7,0,53,80,75,21,19,0,0,0,0
283,81,173,2.42522,29.4912,0,211,9,-0.56262410,44.85598333,0,-0.946708,7,0,52,75.5,73,20,20,0,0,0,0
284,81,173,2.43346,29.3904,0,217,9.2,-0.56254406,44.85603094,0,-0.70399,7,0,52,78,70.5,22,19,0,0,0,0
285,81,173,2.44185,30.132,0,232,9.2,-0.56246124,44.85607813,0,-0.70399,7,0,52,78,70.5,22,19,0,0,0,0
286,80,173,2.45011,28.9548,0,214,9.2,-0.56237851,44.85612356,0,-0.70399,7,0,52,78,73.5,21.5,19,0,0,0,0
287,80,173,2.45799,27.7128,0,265,9.2,-0.56229620,44.85616371,0,-0.47224,7,0,57,81,71,23,20,0,0,0,0
288,81,173,2.46615,30.5352,0,264,9,-0.56221314,44.85620730,0,-0.480931,7,0,53,88,83,25,24,0,0,0,0
289,81,172,2.47501,31.5072,0,244,9.2,-0.56212504,44.85625667,0,-0.255198,7,0,53,79.5,81.5,21.5,21,0,0,0,0
290,82,172,2.48348,29.7936,0,241,8.8,-0.56203628,44.85629933,0,-0.485028,7,0,54,79.5,81.5,21.5,21,0,0,0,0
291,82,173,2.49164,30.4668,0,228,9.2,-0.56195523,44.85634501,0,0.241295,7,0,54,80.5,75.5,20.5,20,0,0,0,0
292,82,173,2.5004,29.7612,0,228,9,-0.56187124,44.85639715,0,0.0129846,7,0,57,75,73.5,19.5,20.5,0,0,0,0
293,82,172,2.50904,30.9024,0,226,8.8,-0.56178558,44.85644551,0,-0.218497,7,0,55,76,73.5,20,20.5,0,0,0,0
294,82,172,2.51794,30.7008,0,216,9.2,-0.56169639,44.85649455,0,-0.0117771,7,0,50,76,72.5,21,20.5,0,0,0,0
295,82,172,2.52664,30.7692,0,216,9.2,-0.56160553,44.85653880,0,-0.0117771,7,0,55,76,72.5,21,20.5,0,0,0,0
296,82,172,2.53532,30.6684,0,216,9.6,-0.56151560,44.85658356,0,0.449052,7,0,55,76.5,71,20.5,20.5,0,0,0,0
297,81,172,2.54365,29.4588,0,185,9.8,-0.56142725,44.85662455,0,0.689148,7,0,55,76.5,73.5,20.5,20.5,0,0,0,0
298,81,172,2.55201,29.8296,0,218,10.2,-0.56133790,44.85666478,0,1.41272,7,0,54,76,67.5,20.5,19,0,0,0,0
299,82,171,2.56039,29.8944,0,216,10.2,-0.56124779,44.85670451,0,1.18698,7,0,54,76,67.5,20.5,19,0,0,0,0
300,82,171,2.5681,26.2008,0,215,10.2,-0.56116314,44.85673896,0,1.65924,7,0,54,74.5,74.5,20.5,20.5,0,0,0,0
301,82,171,2.57587,28.3176,0,189,10.2,-0.56107898,44.85677517,0,1.16904,7,0,52,72.5,71,18.5,19,0,0,0,0
302,82,171,2.5837,28.2168,0,182,10,-0.56099567,44.85681331,0,1.14192,7,0,55,72.5,71,18.5,19,0,0,0,0
303,82,171,2.59206,30.7368,0,196,10,-0.56090673,44.85685405,0,1.3734,7,0,55,71.5,66,21.5,17,0,0,0,0
304,82,171,2.60054,30.5676,0,196,10,-0.56081194,44.85688984,0,0.923967,7,0,56,71.5,66,21.5,17,0,0,0,0
305,83,171,2.60869,28.4508,0,174,10,-0.56071856,44.85692102,0,0.923967,7,0,56,71.5,71.5,21,20,0,0,0,0
306,82,171,2.61717,30.9024,0,152,10,-0.56062527,44.85695865,0,0.463137,7,0,54,65,72,18,21.5,0,0,0,0
307,79,171,2.62569,29.5272,0,118,10,-0.56053081,44.85699570,0,0.223041,7,0,54,63.5,61.5,17,17,0,0,0,0
308,79,170,2.63405,29.5596,0,0,10.2,-0.56043911,44.85703317,0,-0.0161934,7,0,56,58.5,62.5,14.5,18,0,0,0,0
309,79,170,2.64154,24.318,0,0,10.2,-0.56035428,44.85706326,0,-0.0161934,7,0,56,58.5,62.5,14.5,18,0,0,0,0
310,0,169,2.64775,22.7088,0,0,10.2,-0.56028371,44.85708790,0,-0.0161934,7,0,-255,0,0,0,0,0,0,0,0
311,0,168,2.65265,19.6488,0,0,10.8,-0.56023065,44.85711229,0,1.2083,7,0,-255,0,0,0,0,0,0,0,0
312,0,168,2.65809,19.584,0,0,11.4,-0.56017801,44.85714582,0,2.56667,7,0,-255,0,0,0,0,0,0,0,0
313,0,167,2.66267,15.8868,0,0,11.6,-0.56012336,44.85716627,0,3.00335,7,0,-255,0,0,0,0,0,0,0,0
314,0,165,2.66662,13.4352,0,0,11.8,-0.56007332,44.85717122,0,3.50968,7,0,-255,0,0,0,0,0,0,0,0
315,0,165,2.67013,12.564,0,0,12,-0.56002923,44.85717708,0,4.07948,7,0,-255,0,0,0,0,0,0,0,0
316,0,163,2.67397,12.564,0,0,11.8,-0.55998640,44.85719435,0,3.55864,7,0,-255,0,0,0,0,0,0,0,0
317,0,162,2.67675,6.3504,0,0,12,-0.55995774,44.85720936,0,4.27807,7,0,-255,0,0,0,0,0,0,0,0
318,0,160,2.67888,4.8024,0,0,12.4,-0.55993343,44.85722025,0,5.91677,7,0,-255,0,0,0,0,0,0,0,0
319,0,159,2.67918,2.3832,0,0,12.8,-0.55992907,44.85723182,0,7.7947,7,0,-255,0,0,0,0,0,0,0,0
320,0,159,2.68069,4.4676,0,0,13,-0.55995153,44.85723240,0,9.1192,7,0,-255,0,0,0,0,0,0,0,0
321,0,157,2.68324,6.5844,0,0,13.2,-0.55998313,44.85723760,0,8.67903,7,0,-255,0,0,0,0,0,0,0,0
322,0,156,2.68638,9.7416,0,0,13.2,-0.56002295,44.85723735,0,7.57609,7,0,-255,0,0,0,0,0,0,0,0
323,31,156,2.68989,12.0924,0,230,12.8,-0.56006569,44.85722796,0,5.99981,7,0,-255,0,0,0,0,0,0,0,0
324,43,155,2.69373,14.58,0,322,12.4,-0.56010786,44.85721044,0,4.45181,7,0,67,94.5,90,26,28.5,0,0,0,0
325,43,155,2.69773,15.1812,0,341,12,-0.56015295,44.85719402,0,2.88201,7,0,57,94.5,94,26.5,31.5,0,0,0,0
326,50,155,2.70246,18.2736,0,341,12,-0.56020525,44.85717331,0,3.40284,7,0,50,90,95.5,24,31,0,0,0,0
327,56,155,2.70768,20.7576,0,348,11.6,-0.56026309,44.85715068,0,1.91713,7,0,55,90,95.5,24,31,0,0,0,0
328,61,156,2.71333,21.4992,0,377,11.4,-0.56032193,44.85712176,0,-0.314782,7,0,55,91,89,26,28.5,0,0,0,0
329,66,156,2.71953,23.9148,0,384,11.2,-0.56038488,44.85708849,0,-2.5153,7,0,53,90.5,93,23,29,0,0,0,0
330,70,157,2.72627,23.9832,0,385,11.2,-0.56045679,44.85705588,0,-3.8398,7,0,51,86,87.5,23.5,26,0,0,0,0
331,72,157,2.73332,25.9668,0,381,11,-0.56053097,44.85702060,0,-4.9078,7,0,51,86,87.5,23.5,26,0,0,0,0
332,51,158,2.74088,26.1684,0,140,10.8,-0.56061018,44.85698237,0,-5.17235,7,0,39,86,87.5,23.5,26,0,0,0,0
333,73,159,2.74857,26.9064,0,202,10.4,-0.56068964,44.85694239,0,-4.55291,7,0,39,67.5,86.5,18,25.5,0,0,0,0
334,74,160,2.7557,24.9228,0,265,10,-0.56076315,44.85690501,0,-4.07225,7,0,59,81,67.5,23,17.5,0,0,0,0
335,74,160,2.76305,25.7652,0,310,9.8,-0.56084245,44.85687048,0,-3.34436,7,0,52,86.5,84,25.5,22.5,0,0,0,0
336,76,161,2.77037,26.1,0,333,9.6,-0.56092015,44.85683452,0,-3.61758,7,0,57,86.5,84,25.5,22.5,0,0,0,0
337,78,161,2.77774,26.5356,0,369,9.6,-0.56099650,44.85679621,0,-2.8513,7,0,57,88,84,24,22.5,0,0,0,0
338,82,162,2.78584,29.2572,0,458,9.4,-0.56108125,44.85675522,0,-2.74423,7,0,54,85.5,81.5,23.5,23,0,0,0,0
339,86,162,2.79438,31.14,0,450,9.4,-0.56117127,44.85671273,0,-2.42165,7,0,50,84.5,78,21,24,0,0,0,0
340,58,163,2.80266,29.6604,0,136,9.6,-0.56126037,44.85667316,0,-2.1801,7,0,25,41,78,8.5,24,0,0,0,0
341,88,163,2.81114,31.5432,0,221,9.6,-0.56135726,44.85663905,0,-1.89642,7,0,55,41,78,8.5,24,0,0,0,0
342,78,164,2.82125,32.382,0,209,10.2,-0.56148366,44.85661022,0,-1.03839,7,0,55,77.5,79,23.5,18.5,0,0,0,0
343,79,165,2.83073,32.2128,0,310,10.2,-0.56158441,44.85656378,0,-0.518239,7,0,63,78.5,62,24,17,0,0,0,0
344,80,165,2.84051,32.6484,0,266,10,-0.56168625,44.85651391,0,-0.161728,7,0,49,82.5,86.5,25,25.5,0,0,0,0
345,80,165,2.84992,32.6844,0,233,9.8,-0.56178591,44.85646756,0,-0.102159,7,0,55,81,73,23.5,20.5,0,0,0,0
346,81,166,2.85957,33.39,0,233,9.6,-0.56188666,44.85641844,0,-0.0361886,7,0,47,81,73,23.5,20.5,0,0,0,0
347,81,166,2.86906,33.2208,0,222,9.6,-0.56198440,44.85636882,0,-0.0361886,7,0,47,81,73,23.5,20.5,0,0,0,0
348,82,167,2.87871,33.2532,0,245,9.6,-0.56208280,44.85631744,0,0.210725,7,0,55,79.5,72.5,20.5,21,0,0,0,0
349,82,167,2.88866,33.894,0,215,9.6,-0.56218363,44.85626379,0,0.210725,7,0,51,80.5,78.5,22.5,21,0,0,0,0
350,82,167,2.89846,33.9588,0,234,10,-0.56228279,44.85621082,0,0.377342,7,0,56,82,77,23.5,21,0,0,0,0
351,82,167,2.90845,34.4304,0,246,10.2,-0.56238245,44.85615550,0,0.577543,7,0,51,82,77,23.5,21,0,0,0,0
352,83,167,2.91843,34.5636,0,220,10.4,-0.56248086,44.85609926,0,0.184472,7,0,51,82,70.5,23,18,0,0,0,0
353,83,168,2.92818,34.5312,0,201,10.2,-0.56257566,44.85604310,0,-0.0206567,7,0,51,82,70.5,23,18,0,0,0,0
354,83,168,2.9377,34.2612,0,187,10,-0.56266995,44.85598987,0,-0.0262417,7,0,53,75,67.5,21.5,20.5,0,0,0,0
355,83,168,2.94734,34.0596,0,251,9.8,-0.56276760,44.85593790,0,-0.0211707,7,0,53,75,67.5,21.5,20.5,0,0,0,0
356,84,168,2.95727,34.5636,0,248,9.4,-0.56286852,44.85588468,0,-0.216737,7,0,53,82.5,67.5,22,20.5,0,0,0,0
357,83,169,2.96704,33.5916,0,252,9.2,-0.56296902,44.85583313,0,-0.421445,7,0,50,78,86,22,25,0,0,0,0
358,82,169,2.97708,33.7932,0,253,9.2,-0.56306918,44.85577747,0,-0.421445,7,0,49,72,78.5,20,20.5,0,0,0,0
359,82,169,2.98699,33.8256,0,287,9.2,-0.56316700,44.85572174,0,-0.421445,7,0,47,76,78,20.5,21.5,0,0,0,0
360,81,169,2.99674,33.8256,0,287,9.2,-0.56326306,44.85566667,0,-0.829608,7,0,64,76,78,20.5,21.5,0,0,0,0
361,67,169,3.00671,34.7652,0,236,9.2,-0.56335802,44.85560766,0,-1.02981,7,0,64,82,80.5,21.5,22,0,0,0,0
362,68,169,3.01697,34.9344,0,268,9,-0.56345659,44.85554722,0,-1.42514,7,0,21,61.5,80,9.5,21,0,0,0,0
363,63,169,3.02732,35.9424,0,244,8.8,-0.56355810,44.85548838,0,-1.41325,7,0,63,61.5,80,9.5,21,0,0,0,0
364,64,169,3.03768,35.2368,0,204,9,-0.56365885,44.85542870,0,-1.01012,7,0,51,72.5,77.5,20.5,22,0,0,0,0
365,84,169,3.04774,34.5636,0,224,9,-0.56375767,44.85537171,0,-0.802646,7,0,54,72.5,77.5,20.5,22,0,0,0,0
366,84,170,3.05776,34.866,0,259,8.8,-0.56385649,44.85531521,0,-0.599427,7,0,54,80,62,23,16.5,0,0,0,0
367,84,170,3.06768,34.902,0,227,8.2,-0.56395406,44.85525897,0,-0.999558,7,0,46,75,62,20,16.5,0,0,0,0
368,84,170,3.0775,34.2612,0,228,8,-0.56405003,44.85520289,0,-1.20322,7,0,52,74.5,84,20,23.5,0,0,0,0
369,84,170,3.08723,34.4628,0,222,8.2,-0.56414307,44.85514556,0,-0.997674,7,0,50,77,69.5,19.5,19,0,0,0,0
370,83,170,3.09697,34.362,0,222,9,-0.56423510,44.85508722,0,-0.176319,7,0,52,77,69.5,19.5,19,0,0,0,0
371,83,170,3.10673,34.632,0,205,9.4,-0.56432764,44.85502914,0,0.233517,7,0,52,75,74,21.5,20,0,0,0,0
372,84,170,3.11664,34.8336,0,197,9.6,-0.56442110,44.85496971,0,0.630265,7,0,53,74,77,20.5,21.5,0,0,0,0
373,84,170,3.12645,35.0352,0,216,9.8,-0.56451414,44.85491121,0,1.02738,7,0,55,72.5,70,18.5,20.5,0,0,0,0
374,84,170,3.13649,35.3376,0,216,10.2,-0.56460676,44.85484935,0,1.23273,7,0,53,72.5,70,18.5,20.5,0,0,0,0
375,86,171,3.14665,35.6724,0,227,10.4,-0.56469871,44.85478548,0,1.42958,7,0,53,81.5,70.5,23,20,0,0,0,0
376,86,171,3.15682,35.9424,0,199,10.6,-0.56479175,44.85472219,0,1.82584,7,0,54,74,75,19,19,0,0,0,0
377,86,171,3.16712,36.0432,0,211,10.6,-0.56488311,44.85465606,0,2.43068,7,0,54,72,64.5,17.5,17,0,0,0,0
378,86,170,3.17722,36.2088,0,182,10.8,-0.56497648,44.85459395,0,2.83236,7,0,52,75,68.5,19.5,18.5,0,0,0,0
379,87,170,3.18721,36.1764,0,182,10.6,-0.56507036,44.85453377,0,2.42661,7,0,52,75,68.5,19.5,18.5,0,0,0,0
380,87,171,3.19739,36.9504,0,161,10.6,-0.56516407,44.85447090,0,1.60526,7,0,52,71,71.5,19,19.5,0,0,0,0
381,87,170,3.20761,36.0432,0,176,10.6,-0.56525275,44.85440402,0,1.19542,7,0,56,69,57.5,18.5,14.5,0,0,0,0
382,86,170,3.2178,35.1684,0,198,10.6,-0.56533850,44.85433545,0,0.993607,7,0,47,68,61.5,17,16,0,0,0,0
383,86,170,3.22812,35.5068,0,196,10.4,-0.56542433,44.85426555,0,0.595935,7,0,54,72.5,69,20,19.5,0,0,0,0
384,86,170,3.23849,35.8092,0,196,10.2,-0.56551117,44.85419556,0,0,7,0,51,72.5,69,20,19.5,0,0,0,0
385,86,170,3.24869,35.7408,0,193,10.4,-0.56559314,44.85412465,0,0,7,0,51,72.5,67.5,20.5,18.5,0,0,0,0
386,85,170,3.2589,35.8092,0,204,10.6,-0.56567302,44.85405239,0,0,7,0,39,69,66.5,18,19.5,0,0,0,0
387,85,169,3.26898,35.2692,0,201,10.6,-0.56575441,44.85398249,0,0,7,0,60,67,73.5,17,20,0,0,0,0
388,85,169,3.27901,35.2368,0,216,10.4,-0.56583990,44.85391569,0,-0.3943,7,0,42,69,55,17.5,14,0,0,0,0
389,85,169,3.28918,35.5716,0,216,10.4,-0.56592632,44.85384796,0,-0.194099,7,0,47,71,78,19,23,0,0,0,0
390,85,169,3.29925,35.4384,0,177,10.4,-0.56601182,44.85378074,0,-0.194099,7,0,47,71,78,19,23,0,0,0,0
391,85,169,3.30927,35.406,0,175,10.4,-0.56609488,44.85371259,0,-0.194099,7,0,57,70,63,18,16.5,0,0,0,0
392,85,169,3.31917,35.1036,0,168,10.4,-0.56617593,44.85364462,0,-0.194099,7,0,55,70,63,18,16.5,0,0,0,0
393,85,168,3.32903,35.136,0,221,10.2,-0.56625749,44.85357756,0,-0.203141,7,0,52,74.5,58.5,21.5,14.5,0,0,0,0
394,85,168,3.33898,35.1036,0,253,10.4,-0.56633921,44.85350941,0,0.190728,7,0,55,75,70.5,21.5,19.5,0,0,0,0
395,85,168,3.34864,34.398,0,227,10,-0.56642245,44.85344571,0,-0.419429,7,0,55,75,70.5,21.5,19.5,0,0,0,0
396,85,167,3.35841,34.5636,0,201,10,-0.56650702,44.85338168,0,-0.615315,7,0,52,72,73,18.5,20,0,0,0,0
397,84,168,3.36822,34.4304,0,209,9.8,-0.56658933,44.85331563,0,-0.819189,7,0,58,76,66,19.5,17.5,0,0,0,0
398,84,167,3.37806,34.2612,0,215,10,-0.56667005,44.85324815,0,-0.416535,7,0,51,73,66,20.5,17.5,0,0,0,0
399,84,167,3.38794,34.5312,0,215,9.8,-0.56674724,44.85317825,0,-0.618964,7,0,55,69.5,72,20,20.5,0,0,0,0
400,84,167,3.39762,34.2288,0,267,9.8,-0.56682419,44.85311035,0,-0.618964,7,0,55,69.5,72,20,20.5,0,0,0,0
401,82,167,3.40724,33.9264,0,242,9.8,-0.56689996,44.85304271,0,-0.618964,7,0,48,68.5,74,20,19.5,0,0,0,0
402,82,167,3.41657,33.7248,0,261,10,-0.56697389,44.85297725,0,-0.404602,7,0,50,69.5,69,21,19,0,0,0,0
403,82,166,3.42603,33.624,0,276,10.4,-0.56704816,44.85291044,0,0.221071,7,0,44,71.5,68.5,18,19.5,0,0,0,0
404,81,166,3.43552,33.2532,0,276,11,-0.56712284,44.85284364,0,0.65231,7,0,51,75.5,74,20,20.5,0,0,0,0
405,81,166,3.44478,33.2208,0,253,12.4,-0.56719610,44.85277851,0,2.57827,7,0,51,75.5,74,20,20.5,0,0,0,0
406,81,166,3.45418,33.8256,0,259,12.8,-0.56726977,44.85271213,0,3.0038,7,0,51,75.5,74,20,20.5,0,0,0,0
407,80,167,3.46376,33.4224,0,295,12.2,-0.56734429,44.85264415,0,2.58137,7,0,50,75.5,74,19.5,20,0,0,0,0
408,81,166,3.47333,34.1604,0,269,11.4,-0.56741989,44.85257693,0,1.54217,7,0,54,81.5,75.5,24,21,0,0,0,0
409,82,167,3.48299,34.4304,0,249,11,-0.56749541,44.85250853,0,1.33052,7,0,52,74.5,77,20,21.5,0,0,0,0
410,82,167,3.49265,34.4628,0,223,10.8,-0.56757026,44.85243980,0,1.12348,7,0,52,74.5,77,20,21.5,0,0,0,0
411,83,167,3.50244,34.2288,0,218,10.8,-0.56764495,44.85236956,0,1.12348,7,0,55,76.5,72,21.5,19,0,0,0,0
412,83,167,3.51229,34.8336,0,260,10.6,-0.56771963,44.85229865,0,0.706074,7,0,53,74,68.5,21.5,17.5,0,0,0,0
413,84,167,3.52214,34.632,0,260,10.6,-0.56779490,44.85222799,0,0.283241,7,0,47,74,60.5,18.5,17,0,0,0,0
414,84,167,3.53222,35.2044,0,220,10.6,-0.56786908,44.85215415,0,-0.349003,7,0,47,74,60.5,18.5,17,0,0,0,0
415,84,167,3.54225,35.5392,0,222,10.4,-0.56794259,44.85208055,0,-2.06028,7,0,53,75,72.5,21,19.5,0,0,0,0
416,85,167,3.55234,35.4708,0,218,10.2,-0.56801585,44.85200629,0,-2.68403,7,0,54,73,68.5,20,18,0,0,0,0
417,85,167,3.56247,35.7084,0,238,10.2,-0.56808776,44.85193085,0,-2.05773,7,0,54,76.5,68.5,20.5,18,0,0,0,0
418,85,167,3.57265,35.7732,0,238,10.2,-0.56815884,44.85185441,0,-1.22178,7,0,53,77.5,71.5,21.5,20,0,0,0,0
419,86,167,3.58272,35.8092,0,225,10,-0.56822866,44.85177864,0,-1.00631,7,0,53,77.5,71.5,21.5,20,0,0,0,0
420,86,167,3.59277,35.7084,0,213,10,-0.56829798,44.85170278,0,-0.799273,7,0,58,78,74,20.5,19.5,0,0,0,0
421,86,167,3.60284,35.91,0,205,10.4,-0.56836780,44.85162701,0,-0.402054,7,0,54,75,71.5,20.5,19,0,0,0,0
422,87,167,3.61289,35.9424,0,218,10.6,-0.56843712,44.85155115,0,0,7,0,56,76,68.5,22.5,18,0,0,0,0
423,87,167,3.62291,35.5716,0,195,10.6,-0.56850845,44.85147664,0,0,7,0,62,76,68.5,22.5,18,0,0,0,0
424,87,167,3.63293,35.9424,0,261,10.2,-0.56857852,44.85140145,0,-0.399205,7,0,62,76,68.5,22.5,18,0,0,0,0
425,87,167,3.6429,35.7084,0,268,10.2,-0.56864658,44.85132593,0,-0.199803,7,0,54,80,70.5,25,19,0,0,0,0
426,87,166,3.65297,35.37,0,223,10,-0.56871406,44.85124907,0,-0.200197,7,0,51,75.5,78.5,23,22,0,0,0,0
427,87,166,3.66313,36.612,0,245,10,-0.56878145,44.85117128,0,-0.200197,7,0,58,78,78.5,20.5,22,0,0,0,0
428,87,166,3.67318,34.9344,0,245,10,-0.56884850,44.85109434,0,-0.200197,7,0,57,77,78.5,19.5,22,0,0,0,0
429,87,167,3.68347,36.612,0,277,10,-0.56891573,44.85101513,0,0,7,0,57,77,78.5,19.5,22,0,0,0,0
430,88,167,3.69393,37.0836,0,270,10,-0.56898136,44.85093332,0,0,7,0,55,82,65.5,23,16.5,0,0,0,0
431,83,167,3.70437,36.9144,0,248,10,-0.56904657,44.85085168,0,-0.398806,7,0,54,80,74,22.5,20,0,0,0,0
432,82,167,3.71481,37.2852,0,286,10.2,-0.56911220,44.85077013,0,-0.40624,7,0,52,82.5,65,23.5,15.5,0,0,0,0
433,83,167,3.72532,37.2852,0,288,10.6,-0.56917565,44.85068698,0,-0.0256505,7,0,52,85.5,77.5,25,20,0,0,0,0
434,83,168,3.73582,37.152,0,280,10.8,-0.56923868,44.85060383,0,0.564027,7,0,52,85.5,77.5,25,20,0,0,0,0
435,83,168,3.74627,37.3536,0,293,10.8,-0.56930020,44.85052060,0,0.564027,7,0,54,82,78,23.5,21,0,0,0,0
436,83,168,3.75682,37.2168,0,277,10.8,-0.56936081,44.85043602,0,0.762637,7,0,51,79.5,79,24,21,0,0,0,0
437,83,168,3.7674,37.4868,0,273,10.4,-0.56942157,44.85035120,0,0.384565,7,0,52,79.5,75,22,21,0,0,0,0
438,84,169,3.77807,38.2248,0,255,10,-0.56948109,44.85026503,0,0,7,0,53,78,75,22,21,0,0,0,0
439,85,169,3.78886,38.4264,0,251,9.4,-0.56954009,44.85017744,0,-0.546388,7,0,53,78,75,22,21,0,0,0,0
440,85,169,3.79962,38.0592,0,242,9.4,-0.56959776,44.85008977,0,-0.546388,7,0,55,77,75,20,20,0,0,0,0
441,85,169,3.81032,37.9584,0,224,9.4,-0.56965342,44.85000192,0,-0.546388,7,0,53,77.5,72.5,21.5,19.5,0,0,0,0
442,84,169,3.82097,38.3616,0,214,9.8,-0.56970589,44.84991366,0,-0.362372,7,0,57,75,72.5,21,19.5,0,0,0,0
443,84,169,3.83157,37.5552,0,217,10.2,-0.56975945,44.84982624,0,-0.365604,7,0,56,74.5,65.5,19,17,0,0,0,0
444,84,170,3.84213,37.8576,0,216,10.2,-0.56980873,44.84973789,0,-0.55608,7,0,56,74.5,65.5,19,17,0,0,0,0
445,84,170,3.85249,36.4788,0,181,10,-0.56985349,44.84965030,0,-0.74913,7,0,55,76.5,69,20,19.5,0,0,0,0
446,84,170,3.86272,36.8496,0,194,9.6,-0.56989331,44.84956271,0,-1.14014,7,0,55,76.5,69,20,19.5,0,0,0,0
447,83,170,3.87285,36.144,0,225,9,-0.56993388,44.84947621,0,-1.35437,7,0,43,69,59,18,13.5,0,0,0,0
448,83,170,3.88298,36.6804,0,217,9,-0.56997160,44.84938904,0,-0.979482,7,0,47,68.5,72,20,21,0,0,0,0
449,82,170,3.89341,37.3536,0,236,9,-0.57000822,44.84929893,0,-0.423412,7,0,47,68.5,72,20,21,0,0,0,0
450,82,170,3.90369,36.2772,0,245,9.4,-0.57004318,44.84920983,0,-0.0343067,7,0,51,76,70.5,22.5,18.5,0,0,0,0
451,81,170,3.91381,36.3096,0,208,10,-0.57007939,44.84912241,0,0.558579,7,0,45,71.5,73,20.5,21,0,0,0,0
452,81,170,3.92384,35.6076,0,224,10.2,-0.57011685,44.84903625,0,0.382394,7,0,54,73,73.5,19,18,0,0,0,0
453,80,170,3.93371,35.5716,0,272,10.2,-0.57015382,44.84895142,0,0,7,0,47,73,73.5,19,18,0,0,0,0
454,79,170,3.9436,35.5068,0,244,10.2,-0.57019346,44.84886693,0,0,7,0,47,75.5,70,20,19.5,0,0,0,0
455,79,170,3.95346,35.2692,0,259,10.2,-0.57023244,44.84878261,0,0.198085,7,0,53,75,73.5,21.5,19.5,0,0,0,0
456,79,170,3.96299,33.5916,0,237,10.4,-0.57026622,44.84870030,0,0.798956,7,0,49,77,70,22.5,19.5,0,0,0,0
457,79,170,3.97261,34.7652,0,228,10.6,-0.57030058,44.84861732,0,1.59916,7,0,53,73.5,70,24,19.5,0,0,0,0
458,79,170,3.9824,35.2692,0,228,10.6,-0.57033478,44.84853258,0,1.59916,7,0,53,73.5,70,24,19.5,0,0,0,0
459,79,170,3.99229,35.3052,0,224,10.6,-0.57036823,44.84844683,0,1.59916,7,0,53,79.5,73.5,20.5,20,0,0,0,0
460,79,170,4.00224,35.3376,0,224,10.4,-0.57040066,44.84836033,0,1.00905,7,0,56,81.5,75.5,22.5,20.5,0,0,0,0
461,78,170,4.01219,35.3052,0,213,10.2,-0.57042941,44.84827316,0,0.215156,7,0,55,78.5,74,23,19,0,0,0,0
462,78,170,4.02212,35.4708,0,214,9.2,-0.57045540,44.84818573,0,-0.991296,7,0,52,75.5,72.5,21.5,20.5,0,0,0,0
463,79,170,4.03209,35.5716,0,214,9.4,-0.57048046,44.84809781,0,-0.790694,7,0,56,75.5,72.5,21.5,20.5,0,0,0,0
464,80,170,4.04217,36.0108,0,247,10,-0.57050393,44.84800871,0,-0.195456,7,0,56,78,71.5,24,19.5,0,0,0,0
465,81,170,4.05227,36.0756,0,231,10.2,-0.57052706,44.84791927,0,0,7,0,50,82.5,76,22.5,21.5,0,0,0,0
466,81,170,4.0624,36.3456,0,271,10.4,-0.57055011,44.84782959,0,0,7,0,52,83.5,80,22.5,22,0,0,0,0
467,81,170,4.07255,36.3456,0,272,10.6,-0.57057182,44.84773956,0,-0.020722,7,0,56,86.5,75.5,26,20,0,0,0,0
468,82,170,4.08275,36.882,0,272,10.8,-0.57059010,44.84764870,0,0.175356,7,0,56,86.5,75.5,26,20,0,0,0,0
469,82,170,4.09305,37.0836,0,240,10.8,-0.57060661,44.84755675,0,0.175356,7,0,55,86.5,76,25.5,22,0,0,0,0
470,83,170,4.10349,37.2168,0,242,10.8,-0.57062362,44.84746363,0,0.376361,7,0,54,83,76,23.5,22,0,0,0,0
471,83,170,4.11408,37.7892,0,257,10.8,-0.57064181,44.84736917,0,0.577366,7,0,55,78,69,21.5,21,0,0,0,0
472,84,170,4.12454,36.882,0,233,10.8,-0.57065740,44.84727571,0,1.58442,7,0,55,78,69,21.5,21,0,0,0,0
473,84,170,4.135,37.4868,0,226,10.8,-0.57066981,44.84718200,0,1.38381,7,0,55,77.5,69,20,21,0,0,0,0
474,84,170,4.14552,37.5552,0,211,10.8,-0.57068045,44.84708762,0,0.788576,7,0,53,76.5,72,20,19.5,0,0,0,0
475,84,170,4.15612,37.6884,0,220,11,-0.57069009,44.84699249,0,0.779235,7,0,55,77,73.5,23.5,21,0,0,0,0
476,84,170,4.1667,38.0916,0,209,11,-0.57069596,44.84689735,0,0.581802,7,0,54,77,69.5,21.5,18,0,0,0,0
477,84,170,4.17732,37.656,0,229,11.2,-0.57069697,44.84680180,0,0.573082,7,0,55,77,69.5,21.5,18,0,0,0,0
478,84,170,4.18786,37.2852,0,207,11.2,-0.57069453,44.84670700,0,0.377003,7,0,55,77.5,69.5,22,18,0,0,0,0
479,85,170,4.19847,38.2248,0,194,11.2,-0.57068892,44.84661161,0,0.377003,7,0,57,77,75.5,22,20,0,0,0,0
480,84,170,4.20906,37.5876,0,187,11.2,-0.57068137,44.84651648,0,0.377003,7,0,53,74,58.5,19,16.5,0,0,0,0
481,84,169,4.21958,37.5552,0,207,11,-0.57067475,44.84642193,0,0.186889,7,0,59,76.5,58.5,21.5,16.5,0,0,0,0
482,83,170,4.22981,35.9424,0,207,10.6,-0.57066679,44.84632998,0,-0.204118,7,0,55,76.5,58.5,21.5,16.5,0,0,0,0
483,82,170,4.23964,35.37,0,221,10.6,-0.57065874,44.84624172,0,-0.204118,7,0,55,76.5,58.5,21.5,16.5,0,0,0,0
484,83,169,4.24916,33.6564,0,227,10.8,-0.57064869,44.84615639,0,0,7,0,53,79,67,23.5,17.5,0,0,0,0
485,83,169,4.2583,32.9508,0,222,11.2,-0.57063695,44.84607450,0,0.254924,7,0,53,78,73.5,24,20.5,0,0,0,0
486,83,170,4.26783,34.0956,0,234,11.4,-0.57062522,44.84598917,0,0.464787,7,0,55,79.5,73.5,23.5,20.5,0,0,0,0
487,83,170,4.27764,35.5392,0,234,11.4,-0.57061164,44.84590141,0,0.276463,7,0,55,79.5,73.5,23.5,20.5,0,0,0,0
488,83,169,4.28801,37.2852,0,235,11.4,-0.57059445,44.84580888,0,0.276463,7,0,56,80,73.5,22.5,20.5,0,0,0,0
489,83,169,4.29821,36.0756,0,228,11.4,-0.57057660,44.84571793,0,0.276463,7,0,53,81,75,24.5,21,0,0,0,0
490,83,169,4.30859,36.4788,0,236,11.4,-0.57055623,44.84562573,0,0.276463,7,0,50,76.5,78,21.5,22,0,0,0,0
491,84,169,4.31907,37.5876,0,236,11.2,-0.57053721,44.84553236,0,0.275738,7,0,52,76.5,78,21.5,22,0,0,0,0
492,84,169,4.32963,37.152,0,219,11,-0.57051667,44.84543848,0,0.477351,7,0,52,78,74.5,22.5,20,0,0,0,0
493,85,169,4.34008,36.8136,0,209,11,-0.57049102,44.84534620,0,0.477351,7,0,52,73.5,75,21,20.5,0,0,0,0
494,85,169,4.35023,35.91,0,211,11,-0.57046294,44.84525701,0,0.267267,7,0,56,76,65.5,22.5,16.5,0,0,0,0
495,85,169,4.36091,38.0592,0,207,11.2,-0.57043788,44.84516255,0,0.0168959,7,0,56,73.5,68,20.5,19,0,0,0,0
496,86,169,4.37206,38.394,0,195,11.4,-0.57041424,44.84506364,0,-0.0135955,7,0,53,73.5,68,20.5,19,0,0,0,0
497,86,169,4.38323,38.628,0,190,11.4,-0.57038776,44.84496490,0,-0.0135955,7,0,53,72,68.5,18.5,20,0,0,0,0
498,86,168,4.39438,38.664,0,207,11.2,-0.57036253,44.84486616,0,-0.192968,7,0,52,74,68.5,23,17.5,0,0,0,0
499,85,169,4.40541,38.16,0,204,10.6,-0.57033847,44.84476843,0,-0.736939,7,0,53,76,74.5,23,19.5,0,0,0,0
500,84,168,4.41633,37.8576,0,229,10.2,-0.57031316,44.84467187,0,-1.10324,7,0,52,76,74.5,23,19.5,0,0,0,0
501,83,168,4.42707,37.3176,0,230,10.2,-0.57028885,44.84457674,0,-0.912399,7,0,52,76,74.5,23,19.5,0,0,0,0
502,83,168,4.43765,36.9828,0,226,10.2,-0.57026496,44.84448303,0,-0.723005,7,0,52,79,71,22,18,0,0,0,0
503,83,168,4.44826,37.3536,0,240,10.2,-0.57024191,44.84438898,0,-0.723005,7,0,56,77.5,75,23,20,0,0,0,0
504,83,168,4.45896,37.7568,0,223,10.2,-0.57021727,44.84429435,0,-0.723005,7,0,52,75,78.5,22,22,0,0,0,0
505,84,168,4.46961,37.7568,0,232,10.4,-0.57018986,44.84420047,0,-0.722478,7,0,56,78,78.5,22.5,22,0,0,0,0
506,85,168,4.48037,38.2608,0,243,10.8,-0.57016136,44.84410584,0,-0.530103,7,0,56,78,78.5,22.5,22,0,0,0,0
507,85,168,4.49115,38.0916,0,226,11,-0.57013244,44.84401104,0,-0.344574,7,0,54,77,72.5,22.5,20.5,0,0,0,0
508,85,168,4.50193,38.4624,0,237,11,-0.57010453,44.84391608,0,-0.165202,7,0,57,82,76.5,24,20.5,0,0,0,0
509,85,168,4.5128,38.394,0,239,10.8,-0.57007763,44.84382019,0,0.194776,7,0,59,77.5,76.5,19,20.5,0,0,0,0
510,86,168,4.52371,38.664,0,239,10.8,-0.57004980,44.84372396,0,0.561077,7,0,51,77.5,76.5,19,20.5,0,0,0,0
511,86,168,4.53467,38.8296,0,215,10.6,-0.57002214,44.84362732,0,0.378595,7,0,51,80,64.5,23,17,0,0,0,0
512,87,168,4.54565,39.168,0,217,10.6,-0.56999414,44.84353059,0,0.378595,7,0,53,74,90.5,22,25.5,0,0,0,0
513,87,168,4.55663,39.0672,0,221,10.6,-0.56996690,44.84343370,0,0.378595,7,0,53,67.5,72,19.5,20,0,0,0,0
514,87,168,4.56757,39.0312,0,220,10.8,-0.56994058,44.84333705,0,0.56141,7,0,44,70.5,71.5,20.5,18,0,0,0,0
515,87,168,4.5785,39.0672,0,220,11.2,-0.56991267,44.84324066,0,0.739582,7,0,51,70.5,71.5,20.5,18,0,0,0,0
516,87,168,4.58941,39.132,0,226,11.2,-0.56988392,44.84314469,0,0.367835,7,0,51,74.5,72.5,22.5,17,0,0,0,0
517,88,169,4.60041,39.636,0,241,11.2,-0.56985903,44.84304721,0,0.182306,7,0,49,69,79.5,16,22,0,0,0,0
518,88,169,4.61149,39.7368,0,173,11.2,-0.56984042,44.84294838,0,0.182306,7,0,49,69,79.5,16,22,0,0,0,0
519,88,169,4.62263,39.5712,0,162,11,-0.56982541,44.84284872,0,0.186766,7,0,55,67.5,70,18.5,19,0,0,0,0
520,88,169,4.6336,39.402,0,162,11,-0.56980236,44.84275124,0,0.186766,7,0,56,67.5,70,18.5,19,0,0,0,0
521,88,168,4.64463,39.672,0,217,10.8,-0.56977202,44.84265435,0,0.187924,7,0,56,69.5,63.5,20.5,17,0,0,0,0
522,88,168,4.65572,39.7368,0,205,10.8,-0.56974419,44.84255653,0,0.187924,7,0,50,71,66,20,20.5,0,0,0,0
523,88,168,4.66675,39.132,0,198,10.6,-0.56971804,44.84245905,0,0,7,0,56,73.5,65.5,20,15.5,0,0,0,0
524,88,168,4.67772,39.2688,0,183,10.4,-0.56968594,44.84236291,0,-0.358531,7,0,56,70.5,67.5,18.5,18.5,0,0,0,0
525,87,168,4.68858,38.9304,0,183,10.2,-0.56964546,44.84226953,0,-0.908658,7,0,59,70.5,67.5,18.5,18.5,0,0,0,0
526,86,168,4.69933,38.3256,0,231,10,-0.56960254,44.84217775,0,-1.0947,7,0,59,71.5,61.5,22.5,17.5,0,0,0,0
527,85,168,4.70987,37.7568,0,216,9.8,-0.56956130,44.84208748,0,-1.28446,7,0,52,75.5,79,20,21,0,0,0,0
528,84,168,4.7203,37.62,0,240,10,-0.56952677,44.84199687,0,-1.0927,7,0,58,80.5,81,22,22,0,0,0,0
529,83,168,4.73066,36.6804,0,222,10.2,-0.56949366,44.84190668,0,-0.72012,7,0,51,80.5,81,22,22,0,0,0,0
530,82,167,4.74087,36.9144,0,241,11.2,-0.56945460,44.84181909,0,0.259312,7,0,51,79,74,22.5,21.5,0,0,0,0
531,82,167,4.75108,36.7488,0,222,12.4,-0.56941420,44.84173175,0,1.61595,7,0,56,81.5,80,25.5,22.5,0,0,0,0
532,81,167,4.76122,36.5472,0,217,13,-0.56937598,44.84164466,0,2.20767,7,0,55,75.5,74.5,20,21.5,0,0,0,0
533,81,167,4.77132,36.5112,0,203,13.4,-0.56933851,44.84155783,0,2.78503,7,0,53,73,71.5,18.5,20,0,0,0,0
534,82,167,4.78145,36.8136,0,195,13.6,-0.56930113,44.84147066,0,3.16478,7,0,54,73,71.5,18.5,20,0,0,0,0
535,82,167,4.79168,37.116,0,206,13.2,-0.56926433,44.84138239,0,2.95794,7,0,54,73,71.5,18.5,20,0,0,0,0
536,82,167,4.80196,37.0836,0,185,11.8,-0.56922535,44.84129413,0,1.78212,7,0,55,0,0,0,0,0,0,0,0
537,83,167,4.8123,37.386,0,181,10.8,-0.56918470,44.84120570,0,1.00475,7,0,60,76,66.5,20,18,0,0,0,0
538,83,167,4.82269,37.4868,0,196,9.8,-0.56914355,44.84111686,0,-0.149467,7,0,52,73,62.5,22.5,17.5,0,0,0,0
539,84,167,4.83313,37.62,0,205,9.4,-0.56910072,44.84102801,0,-0.725659,7,0,55,73,62.5,22.5,17.5,0,0,0,0
540,83,167,4.84354,37.3176,0,194,9.4,-0.56905830,44.84093933,0,-1.70509,7,0,55,71,66.5,19,19,0,0,0,0
541,83,166,4.854,38.0232,0,210,9.8,-0.56901715,44.84084989,0,-2.498,7,0,58,72,62,19,17.5,0,0,0,0
542,83,166,4.8645,37.4868,0,207,10.2,-0.56897381,44.84076054,0,-2.70876,7,0,45,68,76.5,19,24.5,0,0,0,0
543,83,167,4.87493,37.656,0,201,10.4,-0.56892796,44.84067253,0,-2.91305,7,0,57,79,70,23,20.5,0,0,0,0
544,84,167,4.88537,37.656,0,201,10.6,-0.56887885,44.84058536,0,-2.91891,7,0,57,79,70,23,20.5,0,0,0,0
545,84,167,4.89583,37.62,0,190,10.4,-0.56882763,44.84049852,0,-2.71911,7,0,54,74,66.5,21,20,0,0,0,0
546,84,167,4.90621,37.4868,0,174,10.4,-0.56877474,44.84041303,0,-1.35724,7,0,52,75,65,19.5,18.5,0,0,0,0
547,84,167,4.91662,37.62,0,179,10.2,-0.56871800,44.84032845,0,-0.582246,7,0,57,72.5,65,21.5,18.5,0,0,0,0
548,83,167,4.927,37.0836,0,195,10,-0.56865631,44.84024606,0,0.187539,7,0,56,72.5,65,21.5,18.5,0,0,0,0
549,83,166,4.93735,37.2852,0,199,10,-0.56859210,44.84016484,0,0.570681,7,0,56,74,65.5,21,19,0,0,0,0
550,83,166,4.94772,36.9504,0,209,9.4,-0.56853024,44.84008253,0,0,7,0,52,74.5,69.5,22,19.5,0,0,0,0
551,82,166,4.95803,37.116,0,209,9.4,-0.56847040,44.84000013,0,-0.39032,7,0,52,76.5,73,21.5,19,0,0,0,0
552,82,166,4.96832,36.5472,0,208,9.4,-0.56840879,44.83991849,0,-0.771272,7,0,56,77,82.5,20,24,0,0,0,0
553,82,166,4.97858,36.882,0,208,9.6,-0.56834651,44.83983753,0,-0.768095,7,0,54,77,82.5,20,24,0,0,0,0
554,82,166,4.98886,36.8496,0,213,9.6,-0.56828247,44.83975698,0,-0.959666,7,0,54,76,73.5,21,20,0,0,0,0
555,82,166,4.99916,36.8496,0,190,9.6,-0.56821726,44.83967676,0,-0.768462,7,0,53,72.5,69.5,21,20.5,0,0,0,0
556,82,166,5.00946,36.882,0,208,9.8,-0.56815230,44.83959646,0,-0.574287,7,0,58,76.5,67.5,19.5,18.5,0,0,0,0
557,82,166,5.01974,36.8496,0,212,9.6,-0.56808768,44.83951616,0,-0.576716,7,0,52,72,73.5,18.5,21.5,0,0,0,0
558,83,165,5.03006,37.0836,0,192,9.6,-0.56802196,44.83943595,0,-0.384038,7,0,57,72,73.5,18.5,21.5,0,0,0,0
559,83,165,5.04039,37.1844,0,190,9.6,-0.56795617,44.83935565,0,-0.384038,7,0,57,75,73.5,20,21.5,0,0,0,0
560,82,166,5.05067,36.8136,0,169,9.4,-0.56788878,44.83927653,0,0,7,0,52,72,72,20.5,20,0,0,0,0
561,82,165,5.06075,35.7732,0,140,9.2,-0.56781652,44.83920176,0,-0.198411,7,0,57,72.5,72,18.5,20,0,0,0,0
562,82,165,5.07081,36.5112,0,220,9.2,-0.56773740,44.83913076,0,-0.198411,7,0,57,61,64.5,17,17.5,0,0,0,0
563,80,165,5.08107,36.9504,0,220,9.2,-0.56765844,44.83905734,0,-0.393343,7,0,57,61,64.5,17,17.5,0,0,0,0
564,80,165,5.09128,36.2772,0,219,9.6,-0.56758812,44.83898022,0,0,7,0,57,76,71,20,19,0,0,0,0
565,79,165,5.10126,35.5392,0,205,9.4,-0.56752525,44.83890236,0,-0.201971,7,0,55,77.5,67.5,23.5,18.5,0,0,0,0
566,79,165,5.11111,35.4708,0,232,9.8,-0.56746256,44.83882566,0,0,7,0,53,74,71.5,18.5,19,0,0,0,0
567,79,164,5.12091,35.1036,0,250,10.6,-0.56739743,44.83875064,0,1.02082,7,0,51,78.5,70,21,19,0,0,0,0
568,78,164,5.13058,34.4988,0,250,10.8,-0.56733322,44.83867663,0,1.22765,7,0,48,78.5,70,21,19,0,0,0,0
569,77,164,5.14014,34.9668,0,403,10.6,-0.56727036,44.83860312,0,1.01844,7,0,48,71,76.5,17.5,21,0,0,0,0
570,79,164,5.14992,35.874,0,379,10,-0.56720180,44.83852978,0,0.5995,7,0,52,85.5,79.5,22,21.5,0,0,0,0
571,81,165,5.15994,36.2448,0,460,10,-0.56712644,44.83845728,0,0.797913,7,0,51,84.5,83.5,21.5,22.5,0,0,0,0
572,81,165,5.17019,37.4868,0,490,10.2,-0.56704732,44.83838427,0,0.993035,7,0,52,94.5,81,23.5,22.5,0,0,0,0
573,83,165,5.18072,38.124,0,490,10.4,-0.56696266,44.83831110,0,1.18297,7,0,53,94.5,81,23.5,22.5,0,0,0,0
574,85,165,5.19147,39.2328,0,495,10,-0.56687775,44.83823558,0,0.419103,7,0,53,91.5,91.5,24,25,0,0,0,0
575,87,166,5.20232,39.2004,0,541,9.8,-0.56679435,44.83815804,0,0.435172,7,0,54,90,90,24,26.5,0,0,0,0
576,88,166,5.21327,39.4704,0,586,9.4,-0.56670726,44.83808135,0,-0.336216,7,0,53,95,86,25,22.5,0,0,0,0
577,88,167,5.2242,39.3696,0,621,9.2,-0.56661841,44.83800600,0,-1.33553,7,0,54,97,90.5,26,25.5,0,0,0,0
578,88,167,5.23507,38.9988,0,621,9,-0.56652722,44.83793282,0,-1.72634,7,0,54,97,90.5,26,25.5,0,0,0,0
579,87,168,5.24593,39.4704,0,657,8.8,-0.56643426,44.83786090,0,-1.7013,7,0,54,97.5,93.5,26.5,28,0,0,0,0
580,87,169,5.25678,38.5956,0,604,9.2,-0.56634148,44.83778899,0,-0.71914,7,0,54,98,93.5,28.5,28,0,0,0,0
581,87,169,5.26751,38.7648,0,666,9.6,-0.56625405,44.83771506,0,-0.346353,7,0,50,98,93.5,28.5,28,0,0,0,0
582,87,170,5.27834,38.394,0,611,9.8,-0.56616881,44.83763870,0,-0.356803,7,0,52,97.5,96,29,28.5,0,0,0,0
583,87,171,5.28918,39.2328,0,611,10.4,-0.56608072,44.83756393,0,0,7,0,52,97.5,96,29,28.5,0,0,0,0
584,86,172,5.30004,38.5272,0,579,10.8,-0.56599019,44.83749042,0,0.747186,7,0,53,96,95,25.5,27.5,0,0,0,0
585,85,172,5.31079,38.5632,0,513,11,-0.56589925,44.83741859,0,1.11756,7,0,52,95,94,26,27.5,0,0,0,0
586,85,173,5.32143,37.9584,0,449,11.6,-0.56581115,44.83734617,0,2.04677,7,0,50,84,95,22,27,0,0,0,0
587,85,173,5.33174,36.0108,0,0,12.2,-0.56572742,44.83727509,0,2.81171,7,0,50,84,95,22,27,0,0,0,0
588,85,174,5.34136,33.1524,0,0,12.4,-0.56564553,44.83721106,0,3.20361,7,0,50,84,95,22,27,0,0,0,0
589,0,174,5.35017,30.7368,0,0,12.6,-0.56556841,44.83715381,0,3.61478,7,0,-255,0,0,0,0,0,0,0,0
590,0,175,5.35825,28.2168,0,0,13.2,-0.56549205,44.83710536,0,3.98869,7,0,-255,0,0,0,0,0,0,0,0
591,0,175,5.36516,22.1364,0,0,13.8,-0.56542031,44.83706974,0,4.48421,7,0,-255,0,0,0,0,0,0,0,0
592,0,175,5.36985,12.7296,0,0,14.4,-0.56537035,44.83704677,0,5.57886,7,0,-255,0,0,0,0,0,0,0,0
593,0,174,5.37198,6.2136,0,0,15,-0.56534814,44.83703545,0,7.84225,7,0,-255,0,0,0,0,0,0,0,0
594,0,175,5.37263,1.4112,0,0,16,-0.56534168,44.83703185,0,10.2908,7,0,-255,0,0,0,0,0,0,0,0
595,0,174,5.37263,0,0,0,17,-0.56534085,44.83703260,0,10.1048,7,0,-255,0,0,0,0,0,0,0,0
596,0,174,5.37263,0,0,0,17.4,-0.56534202,44.83703311,0,9.54088,7,0,-255,0,0,0,0,0,0,0,0
597,0,173,5.37263,0,0,0,17.6,-0.56534177,44.83703420,0,8.95892,7,0,-255,0,0,0,0,0,0,0,0
